A_sec,A_trab,fc,L1,L2,Pisos,Cm,Cv,vigas_sec_bf,vigas_sec_tf,vigas_sec_h,vigas_sec_tw,vigas_trab_bf,vigas_trab_tf,vigas_trab_h,vigas_trab_tw,col_b,col_h,col_e,rbs_a,rbs_b,rbs_c,rbs_tp,Resultados_RBS_sh_iz,Resultados_RBS_sh_der,Resultados_RBS_Mpr_viga_iz,Resultados_RBS_Mpr_viga_der,Resultados_RBS_Zrbs_iz,Resultados_RBS_Zrbs_der,Resultados_RBS_Mpr_con_iz,Resultados_RBS_Mpr_con_der,Resultados_RBS_Vu_iz,Resultados_RBS_Vu_der,Resultados_RBS_Vn_iz,Resultados_RBS_Vn_der,Resultados_RBS_Mf_iz,Resultados_RBS_Mf_der,Resultados_RBS_Mpe_iz,Resultados_RBS_Mpe_der
50,36,210,4.1433737924603165,5.482592574909173,1,0.4122812534549837,0.2715716274039673,10.259123145069644,0.9174177365138484,36.9898543623889,0.6759505510773023,24.482899685964462,1.3184109294739743,36.479620225033244,0.8356308400612074,28.764620306607622,34.73196251177511,0.733083507655647,7.211188130488174,21.18173424554609,2.071095558566878,1.1190758132193102,14.196,14.196,51.18,51.18,1182.202,1182.202,46.657,46.657,35.9,35.9,42.927,42.927,51.753,51.753,45.196,45.196
50,50,280,5.4708122661461065,6.691467878386426,3,0.6531087117022705,0.16689174833177506,10.930758708563811,0.7007985911141354,20.28513947692404,0.5687733016139223,15.725691785253229,0.9760984822953646,48.10339927244141,0.9542729463722183,36.10330736145129,32.72157513463966,0.6752938812490674,9.233349176929437,28.2083165459874,2.7910741558550782,0.9163296808268752,18.721,18.721,55.78,55.78,974.746,974.746,45.21,45.21,39.386,39.386,92.848,92.848,52.583,52.583,47.6,47.6
50,36,210,7.056203245355492,5.44925046092599,3,0.3632134794252164,0.25135994238414877,15.959419992710465,1.0595558861933847,46.3743944382624,0.6822741243326153,20.660516751447886,1.5524023142473258,31.94913800924,0.6605132684192404,37.717015169008164,32.448861717218996,0.6363459896790361,9.561973602556913,27.030758389200386,3.7859393393161254,1.233206804654683,18.296,18.296,42.437,42.437,755.012,755.012,29.797,29.797,24.352,24.352,28.92,28.92,34.253,34.253,36.582,36.582
36,50,280,6.9378768372936275,4.023074796737811,1,0.6044559773526077,0.3378499804713483,12.93007096488288,1.1936182443977557,38.383485241358926,0.538857880138911,14.118677384512452,0.9144511674595323,49.42126251712111,0.9314597417827879,34.46837001584434,29.880314937989592,0.609905421355903,9.102521148242726,30.56292916563111,4.714593870186263,0.8379306045883461,19.833,19.833,51.325,51.325,735.459,735.459,34.111,34.111,26.696,26.696,93.458,93.458,39.406,39.406,44.592,44.592
50,50,210,6.412439552846701,6.734658179470446,2,0.6187218132880861,0.2322729068472665,18.44251237883175,1.064097954060799,30.97365659927042,0.515527853005582,16.62865684897733,1.558221801280228,51.06926257562322,0.8546788726796666,34.46346820422266,39.899535498239885,0.5504428611612309,6.341500129041311,31.721807079733573,4.610686605376995,0.8230062343760798,19.032,19.032,79.321,79.321,1062.794,1062.794,49.293,49.293,45.929,45.929,86.404,86.404,58.034,58.034,68.575,68.575
50,36,280,7.924216422784616,6.63340193106545,1,0.3464198091541699,0.2504641261877675,13.308224930457495,1.0296053559525489,21.91923325198449,0.33341582956975024,16.691668250879694,1.1227822066645263,52.76084754663471,0.595912004032448,28.719577586726828,30.294091753444572,0.6750482532888747,7.504167645854765,22.250332769106777,4.559891121346216,1.3294070891328307,14.877,14.877,51.28,51.28,819.166,819.166,32.329,32.329,30.104,30.104,36.531,36.531,36.808,36.808,44.331,44.331
50,50,210,4.23076087433732,5.834515590198414,1,0.549244581937027,0.3357144586103132,19.449517309709083,1.0974927432454715,20.656245373336457,0.786905657524129,17.131169946777703,0.8743320276053378,53.102829233573125,0.599579465344323,39.12554360914762,26.727814849739325,0.4029746944278845,9.748687844847232,29.288788727315847,2.8983280722937708,0.8540922583496997,19.519,19.519,52.425,52.425,912.901,912.901,42.341,42.341,38.064,38.064,37.342,37.342,49.771,49.771,45.515,45.515
36,50,210,4.2805067889907855,7.639795710285794,1,0.45953839219650766,0.21930086791467404,11.37034670614207,0.7839246581029027,37.30104201211232,0.5150218264734108,24.738140707718948,1.3459919171972938,59.24105913254935,0.8279019153657097,37.15888160597767,38.016698499935934,0.6161758239961259,7.562785859619985,26.35289781974174,4.641620696378043,0.8367614329837276,16.958,16.958,113.157,113.157,1866.209,1866.209,86.556,86.556,73.079,73.079,82.943,82.943,98.949,98.949,100.091,100.091
36,50,210,7.25826117161435,5.372143705923323,3,0.4272278461034962,0.3228039344114999,17.716172492269884,1.155033825715164,34.33764287029863,0.7412379396896618,12.362641132338348,1.550190539296155,41.26554103435228,0.5187521525798902,32.7468863970012,36.7654050290624,0.6384686010284877,10.913561115935902,21.453216119191197,2.6298321976665378,1.1595299383970117,16.183,16.183,42.743,42.743,626.205,626.205,29.044,29.044,26.582,26.582,29.764,29.764,33.346,33.346,36.719,36.719
50,50,280,7.946104848165229,7.535845252699566,4,0.33017375527258963,0.20661348567711768,14.894871409019395,1.0829458941661412,23.059774603912597,0.27931735119852785,23.719314551517993,1.1973950583063524,35.80025342895073,0.4279426868545,38.81339270309909,30.042851974751677,0.33634789777169044,6.021662092348737,33.51016669484741,4.25910079783336,1.2934316514251378,19.766,19.766,50.08,50.08,749.22,749.22,34.749,34.749,29.221,29.221,19.432,19.432,40.525,40.525,42.599,42.599
50,36,280,6.30664953765992,6.806559050245891,2,0.681933738470882,0.2727408086368869,12.487242071872851,0.8035861909918178,49.948399236091674,0.7745094994207318,12.657215343790563,1.164421390248908,54.93584235929077,0.6539168579060386,27.803944077297366,37.061839133428904,0.4925340602149206,9.23142528981693,21.60295656685677,2.3659063673392056,0.8147587127961359,15.417,15.417,48.364,48.364,948.658,948.658,37.44,37.44,37.295,37.295,44.047,44.047,43.189,43.189,40.944,40.944
36,36,210,7.083793333849883,7.023588033425384,3,0.3682199826230456,0.34587328010038615,15.679143287200985,0.9820122344783504,26.575680162531565,0.4022988614215859,23.891087288186874,1.2871133505763943,47.050320034239945,0.7619310341750919,26.892533520177484,39.65429217426821,0.7922361441812704,11.755216194384698,32.14808072614421,2.708065859295594,0.656528573916418,21.952,21.952,68.989,68.989,1465.018,1465.018,57.818,57.818,40.36,40.36,51.439,51.439,66.678,66.678,58.674,58.674
50,36,210,4.6398127565202945,7.936852826747192,3,0.37785951360412273,0.20358445988143892,17.34769105433356,0.9903090412696273,47.59778501164642,0.6152115967193308,22.41050617893606,1.2516884952936622,37.16714608156067,0.7644976276764406,34.45281758694773,31.328463348766896,0.5944328804097236,8.090549540914136,31.144476155340413,4.288373305665218,0.6639683634657496,19.618,19.618,48.244,48.244,851.547,851.547,33.607,33.607,39.498,39.498,40.225,40.225,41.356,41.356,40.687,40.687
50,36,210,4.605884324287622,4.160524532599407,3,0.5731719015548559,0.24447279053036192,18.53854963451135,0.9698270159974106,20.10642329847771,0.5379598482052479,16.797864851377568,1.5936395299665764,55.363247477248905,0.8155817115061215,26.82929603397592,26.66732349415326,0.5940904222424074,8.212570943530327,30.698869928263118,4.427385436949754,1.1127237234533434,19.456,19.456,73.639,73.639,1235.71,1235.71,48.768,48.768,41.021,41.021,64.593,64.593,56.749,56.749,65.595,65.595
36,36,280,5.646006835458974,7.7451663879089665,2,0.31263115298239813,0.18035871931626837,13.79221329903245,1.0568449923053533,32.29807848430813,0.5384722558504083,13.134768553258027,0.9218344689194272,34.05424228034521,0.7298714848909704,33.74260365584155,25.381737244833165,0.6184401207733472,7.950433894588619,21.851255910370526,3.451202817030207,1.04309830032605,14.901,14.901,23.531,23.531,379.667,379.667,14.984,14.984,23.115,23.115,35.686,35.686,18.428,18.428,19.42,19.42
36,50,280,7.763416638822903,6.279929160593777,3,0.6904290626794947,0.30582387458106386,16.650958320912487,1.1985270831293549,33.309311135931765,0.6508295862631565,12.425568655730883,1.2172190298573686,58.97080408159845,0.7441221255409318,33.55001510601031,32.6473741887641,0.7204660633417321,6.6952106419340485,28.83363418209593,3.581878541774302,0.8018244982155011,17.764,17.764,66.862,66.862,964.52,964.52,44.735,44.735,42.644,42.644,63.724,63.724,52.311,52.311,56.744,56.744
50,36,280,6.471259592842866,5.873811123725367,2,0.45833416705181623,0.22767416636017823,10.46002504145508,1.0810254317754255,44.33534659808008,0.6038459087763566,16.691766562113564,1.2478892143959968,41.60784034482862,0.6216383891537629,32.47751163397496,36.25790044214791,0.39226312907477806,8.025977472310537,27.53477366563867,3.0857821850065377,1.2155176192924333,17.78,17.78,41.583,41.583,767.586,767.586,30.293,30.293,27.661,27.661,36.906,36.906,35.212,35.212,35.467,35.467
36,50,280,6.208326288387032,4.179406035658678,1,0.5951373479538222,0.20275324399022543,15.055588308066298,1.1387117289288469,35.96438091986381,0.7565991613299082,18.76984371858708,0.967233563460741,44.155477906933,0.6770477486508414,26.245138486653172,29.753829884321227,0.3605614296135147,8.191451775732247,23.31557674591609,3.0523621948471917,0.7823720824883081,15.754,15.754,47.721,47.721,830.79,830.79,38.533,38.533,25.659,25.659,55.565,55.565,42.575,42.575,41.967,41.967
50,50,280,6.581893858812209,5.5918018220651415,3,0.6540149138312062,0.19361355973381278,17.011845307129793,1.0208908870893718,29.430547232048106,0.4673372025686492,13.658739934723666,1.2068557871856016,39.457286081903696,0.6449490993902074,27.805689292966697,25.91001381408981,0.6891613385076635,9.52090857439844,32.68466360893798,2.009543736886038,0.9198626778234944,21.103,21.103,39.236,39.236,666.247,666.247,30.901,30.901,26.636,26.636,49.506,49.506,36.522,36.522,32.922,32.922
50,36,280,4.877181022175625,4.164877247392841,4,0.42758716987424844,0.2677528004155708,11.925359165796722,1.0786514757387975,21.802859395940065,0.3219070589608143,12.388063637624224,0.9474134093092161,39.682196956464765,0.8299588910790601,36.441931661313,31.688381888179936,0.3935586337372557,8.899635297664513,34.155150928552914,4.465821967813268,0.8028135572864128,21.527,21.527,28.742,28.742,423.115,423.115,16.699,16.699,19.655,19.655,47.605,47.605,20.93,20.93,24.695,24.695
36,50,210,6.331665917368126,4.935111409073643,4,0.5996099796828337,0.24985921554204382,12.509342690735561,0.6617819461399127,28.91492167250593,0.5451328479116042,15.649807246736428,1.5809404932500364,35.09459596749503,0.41839458730887574,36.033082294436305,38.62382663352986,0.3220595202087184,9.015578544923057,24.074629691552424,2.2557364897153196,0.9088062557633674,16.545,16.545,41.89,41.89,696.802,696.802,32.318,32.318,26.296,26.296,18.065,18.065,36.669,36.669,36.171,36.171
50,36,280,7.636887689228787,5.492367733072898,3,0.6381485233613269,0.3341215072527754,11.336840590345538,1.1577271660984914,31.187608971162724,0.7082231580170748,15.546969250763366,1.4243810760485554,40.83921010516883,0.5421219630547142,33.29132482384465,38.98116533651684,0.5207601650917562,10.702753763943187,30.58904872741376,3.1774374661146436,0.780349157954447,20.646,20.646,42.794,42.794,711.668,711.668,28.087,28.087,31.573,31.573,29.409,29.409,34.605,34.605,35.139,35.139
36,50,280,7.385343187405741,4.980571386934456,1,0.34825803547992007,0.2902760852192906,13.220405659355531,1.159512706574362,27.6043167421936,0.4090662260150708,19.298253136017046,1.002489239580286,35.78793768824202,0.7104439568710148,37.83453064967446,28.577554485602178,0.5059078275563524,11.120755941949836,26.817731938027322,3.767052891983723,0.7367764708022879,18.969,18.969,38.979,38.979,612.945,612.945,28.429,28.429,20.052,20.052,50.599,50.599,32.233,32.233,33.845,33.845
50,50,280,4.7654063655123595,5.939494141036285,2,0.511155416404682,0.3289577380603803,10.456181928274775,0.9533576053491993,25.486906624245407,0.7655654412632784,16.086380540926648,0.8796468655039491,36.2890854042789,0.7053767024259374,29.258155703497103,34.66019823490579,0.4084212852206208,6.669265416985876,29.62109355184666,3.289051867352248,1.1613686990585104,18.145,18.145,32.477,32.477,506.418,506.418,23.488,23.488,26.486,26.486,51.349,51.349,28.294,28.294,27.493,27.493
36,36,280,5.780576938266752,7.174593975473192,1,0.4192133634684336,0.1696375950298704,19.809549906636214,1.0870064487859192,21.101729824499557,0.4067088350283615,21.230970781332445,1.355695249552231,36.37905930962512,0.7006630911667365,33.37986235958834,39.58777306269601,0.6134938633001563,11.520446741544879,26.396080727261598,4.773943204539794,0.7874509316884873,18.958,18.958,45.999,45.999,753.277,753.277,29.729,29.729,28.837,28.837,35.807,35.807,35.196,35.196,39.684,39.684
50,50,210,7.663981150184703,7.757453236208059,2,0.5765803527228642,0.17030267282618544,14.072141641522688,1.183903201670769,28.06863430213331,0.6215597761829241,16.62249858198134,1.4400171949103195,48.873588250298425,0.9705347266641681,37.692949155732364,39.249055709511985,0.7132913073388996,7.405736243476029,20.447099516074427,4.813056789158777,1.204212146022372,13.926,13.926,72.823,72.823,991.158,991.158,45.971,45.971,38.946,38.946,94.108,94.108,51.395,51.395,63.722,63.722
36,50,280,4.285112548226115,5.581036132152825,1,0.6728831332018529,0.27081445333837484,15.281950229560248,1.1678393096497057,42.20696966721174,0.689984801724401,19.839546759926773,1.4031008527086835,48.11578985608699,0.5065860321372431,39.54699389042262,27.610088247624926,0.5074803920158331,9.95602827542603,29.959748971013617,3.901797578334795,0.7744568823431477,19.958,19.958,69.219,69.219,1048.868,1048.868,48.647,48.647,48.314,48.314,24.204,24.204,58.29,58.29,60.308,60.308
50,36,280,6.414922169041642,6.043007194332008,3,0.5834339925100686,0.3034246056527966,11.028681018767761,1.1304896943107758,25.147421395125477,0.3453549696600203,21.204554636299633,1.3148554873693739,32.14312617215588,0.5629281252268985,33.88928533606295,29.10637102132942,0.45539921977301395,8.127032472230118,23.016588233084313,2.51548857761689,1.1140152154529948,15.572,15.572,38.366,38.366,778.175,778.175,30.711,30.711,30.473,30.473,25.219,25.219,35.457,35.457,32.3,32.3
50,36,280,6.556751240230843,7.828569970957124,4,0.3641601428446757,0.3382201931718313,13.03336176737755,1.1766153178354128,47.372384560452886,0.7360933719537995,15.896706429324919,0.8237413472829144,36.857747144155255,0.8786276625223612,39.59433345980961,37.23227054057446,0.5903919790824909,6.8954238292014445,23.019656143889257,4.519078530719299,1.4010075819159253,14.958,14.958,30.548,30.548,475.903,475.903,18.782,18.782,33.775,33.775,46.959,46.959,23.834,23.834,24.475,24.475
36,36,280,6.405399954228603,7.491209318183632,1,0.31413192255934813,0.34432234897772923,17.476924429433303,0.9211707470464071,26.6120763836523,0.5696415457101438,18.924173884709056,1.3582162489691907,42.711950781178004,0.5885609251413823,29.966594927694928,35.10727555721466,0.4808885870904359,6.922847220874378,24.199042648659717,4.336035477147777,0.76914877658786,15.561,15.561,49.869,49.869,811.205,811.205,32.015,32.015,34.602,34.602,34.893,34.893,37.399,37.399,42.699,42.699
50,50,210,4.257546792957157,4.43409680683882,2,0.4013842104616506,0.18722444073993916,19.298477839523613,1.0353695236314353,40.26276242138982,0.682904234660719,21.1538547030162,1.4072988534909803,35.13114049595866,0.7283968153002516,38.702874880832994,34.81747717307972,0.4696147777554758,11.353933273580889,29.93552068159844,4.477490411200747,1.2955445148390008,20.645,20.645,52.022,52.022,769.13,769.13,35.673,35.673,31.751,31.751,49.626,49.626,42.228,42.228,46.154,46.154
50,50,210,5.045981577976996,4.150088412458482,3,0.46164674316006615,0.1934753788295696,13.349593331338891,1.0489782342406484,48.10692117864474,0.4934179852051809,16.884783719985673,1.524474733479193,56.77512159244684,0.8168943356673456,27.09122428346546,27.196747433795817,0.5319014377116138,7.792815109884721,26.44921277647271,3.926901663576911,0.7488287758167422,17.121,17.121,86.718,86.718,1350.155,1350.155,62.621,62.621,42.531,42.531,80.054,80.054,69.903,69.903,77.752,77.752
36,50,280,5.215657789151394,6.157080233539515,1,0.5207310520760262,0.2450762597514399,14.14039552769474,0.8842005652719869,43.714865281056035,0.6857398947205136,17.30761552845939,1.466997070652476,53.73358726757844,0.597358758851869,35.657156996608485,32.559892633472884,0.4158221109852035,7.4256119523766415,23.893757704900374,2.4384787807830364,0.7569591246334605,15.66,15.66,74.718,74.718,1338.506,1338.506,62.081,62.081,41.747,41.747,35.677,35.677,68.619,68.619,66.187,66.187
50,36,280,7.0356444821945825,7.861999446904341,3,0.5580089173440166,0.2362305390368044,18.08303129100316,0.9231745022709171,38.811200842681494,0.4539379803149239,17.70708658158417,1.1629633072302366,33.336291208091914,0.7965167980282997,32.22108781289585,26.441565472914068,0.5120615429866298,7.860091802425548,34.851430136778184,3.312026682123455,0.6335397521707952,21.356,21.356,36.565,36.565,606.178,606.178,23.923,23.923,37.265,37.265,37.493,37.493,31.882,31.882,28.087,28.087
36,36,280,4.679056542523476,7.186502981507452,2,0.5202645722290711,0.26333360289992164,16.95094855204818,0.865081017351714,41.666330204599575,0.6222463715873494,16.705628294064145,0.9501235138523697,37.49914799972667,0.7726554823355806,29.358110589706484,38.81699988793141,0.6480478955946678,6.218003802116262,20.453106820298384,3.447377868079056,0.8591796888607703,13.336,13.336,32.475,32.475,585.486,585.486,23.107,23.107,34.027,34.027,41.751,41.751,27.644,27.644,27.13,27.13
36,36,280,7.893771703103521,6.395796028468629,3,0.6611746718781348,0.25592731831744475,17.665239507553423,1.0393847008066073,20.247426201748663,0.26590417653890863,18.10654776205045,1.552084831014922,46.39544794403669,0.9139113680643725,38.30684182341668,33.710550368779046,0.4894972947640848,8.429210152339978,26.815421327566426,4.587646804401691,0.7469024551555736,17.622,17.622,65.037,65.037,1049.82,1049.82,41.432,41.432,39.295,39.295,60.056,60.056,48.357,48.357,55.529,55.529
50,36,210,4.1990435861504505,7.543830741430779,4,0.5217281970954945,0.16757494723078878,12.81411530656404,0.7409987820047534,32.891635449648234,0.3397170917580262,13.48929317805196,1.2852134379887934,38.07960762855389,0.8995989157000135,27.74664297680144,26.80942781586539,0.3803019244992006,6.50866626037119,20.030939773785988,2.604009067057129,0.6291419659778442,13.27,13.27,35.127,35.127,675.187,675.187,26.647,26.647,30.774,30.774,48.488,48.488,30.731,30.731,30.305,30.305
50,50,210,4.442727311356212,6.254143619696466,4,0.4314820478033695,0.15496958975904998,16.548707349912004,1.0867657270255178,22.443642830477568,0.5281086579814863,19.592799962822138,1.2166460075863648,32.47002897037167,0.4242391811715558,32.2260465504495,26.062363948599415,0.6975108349989543,8.795019276965888,28.880718101022687,4.1056080521113785,1.2687049926116132,18.838,18.838,37.646,37.646,528.465,528.465,24.511,24.511,27.799,27.799,20.694,20.694,29.747,29.747,32.493,32.493
36,36,280,7.000272178210448,6.137794378003351,3,0.6041411064003462,0.27432400207431923,10.274056316540225,0.8132787862988303,40.96573456322304,0.7091151863283331,14.205745724888612,1.281318260189105,37.7513510361235,0.475713006225419,26.391406859137362,32.52658781338775,0.5668227935010646,9.755846544899029,29.571202409624306,2.3317499600603755,1.3844185012125583,19.664,19.664,32.466,32.466,593.169,593.169,23.41,23.41,25.428,25.428,22.691,22.691,28.41,28.41,26.675,26.675
36,50,210,7.423321635134458,6.1709767978264685,4,0.45775015189941676,0.28836486121379656,16.873172404822746,1.164365118017948,46.538204251635975,0.7564702920693335,14.776272937310218,1.3181885670407787,30.066011125203143,0.9851025828766666,29.90515912830891,25.31305233010685,0.5048568276209168,8.459499654474095,25.65418604359744,4.058134964345772,1.4149192514207949,17.057,17.057,34.495,34.495,437.675,437.675,20.3,20.3,25.99,25.99,56.966,56.966,24.733,24.733,28.804,28.804
50,50,280,5.991319345206219,6.103462377342334,4,0.5099916373224354,0.2288543959270846,11.356784828453215,1.0969309879854436,20.420650266052267,0.5488301563063274,19.61808250255663,1.1810579583294258,57.080610745773626,0.5710905744962704,39.03587609308063,36.99930609722626,0.46697875210676126,6.263140836985301,32.552664240058895,3.5867220760830882,1.3785804527629935,19.408,19.408,75.928,75.928,1249.08,1249.08,57.933,57.933,40.037,40.037,29.757,29.757,65.704,65.704,66.583,66.583
50,36,280,7.538312034808864,5.445798905958215,3,0.4296564702600446,0.3031915546243029,16.265745329676424,1.131116069614698,45.36209814800436,0.7472319222714341,23.042022928419,1.2580125253674028,57.67004776234077,0.9924677473471498,36.3098548032437,28.84267956892711,0.5520434755981576,8.371747743139867,32.64650288220516,3.5909922028313135,0.7254186976655952,20.509,20.509,88.944,88.944,1880.303,1880.303,74.208,74.208,36.356,36.356,83.089,83.089,81.664,81.664,78.603,78.603
50,36,280,4.356909538713099,6.703216800982057,2,0.5625414491887721,0.18376651490269968,11.855007855632193,1.0618163643175214,41.770319567339044,0.6402060304752255,24.138105950295344,1.336523964043046,48.67273523430133,0.8194215570994654,35.458844139206086,26.15018249644945,0.6034509874474895,10.571123776061443,30.854565861547336,4.970335839586175,0.8990677026825687,20.713,20.713,73.493,73.493,1331.683,1331.683,52.556,52.556,47.799,47.799,57.215,57.215,62.457,62.457,64.48,64.48
36,50,210,7.70085542220361,4.824873058917319,4,0.590681546025758,0.30883388953280344,17.300491116879645,1.0997073972289477,26.095749098196144,0.5556065839284328,14.551619927532291,1.46967040932583,30.695547081504383,0.7535801737231662,31.81219231355389,34.321132656111516,0.6624015432067275,11.651015177384163,30.081200647697678,4.044899038451277,0.6460298702612562,20.866,20.866,35.312,35.312,422.692,422.692,19.605,19.605,21.733,21.733,44.097,44.097,24.14,24.14,29.768,29.768
36,50,210,4.66908741286759,5.342555480660652,4,0.5705081386083581,0.2760490147443898,11.99093784266748,0.6183484447174976,32.274281370732496,0.6752465409010622,15.621941496462926,1.0238337461719607,45.13085567520851,0.8183731433902901,29.71237238979705,32.15055321891577,0.7140390780787165,7.735332104504186,24.022679797397284,2.1350977831947273,1.2367816182974223,15.879,15.879,47.979,47.979,892.383,892.383,41.39,41.39,32.86,32.86,74.332,74.332,46.607,46.607,41.944,41.944
36,36,280,6.689552069838832,5.422754675331989,3,0.5114870645141364,0.16545258490057718,10.040501263057116,0.5160352932734045,37.80159560844887,0.722308246960788,24.718203423174316,1.3041718710306154,50.367336079466824,0.7366722227688071,26.968335815809947,25.3113264315385,0.7435182497028197,11.86604861466723,22.718331171499585,3.4943934044593523,0.9831868867132483,17.292,17.292,74.331,74.331,1554.521,1554.521,61.351,61.351,33.888,33.888,53.405,53.405,67.211,67.211,65.833,65.833
50,50,280,5.886320341382626,7.6221141194396225,1,0.42950981456155124,0.24939026519664487,19.446691107981795,0.9809046447425086,30.68164935274575,0.5037337906581316,14.989188138183717,1.3976986011768462,44.65526295131518,0.4502102460826029,28.35654581491154,29.03920002318438,0.6153094852017764,7.182516107007581,33.602466724750116,2.91923177897712,1.4567127115120315,20.392,20.392,50.648,50.648,750.482,750.482,34.808,34.808,36.13,36.13,18.223,18.223,42.176,42.176,42.65,42.65
36,50,210,4.373487919889795,4.26129693667593,4,0.6768640285772147,0.1975082894623782,11.570685865446498,1.0081508619937907,32.60355630302699,0.5323012206464415,21.035556542005956,1.4781964011124442,46.85349084471491,0.572565276387311,25.808201915807174,28.003901249781638,0.6509241476886949,7.069621981080767,27.5366419746359,2.478721008983053,0.6782398035786197,17.303,17.303,73.205,73.205,1354.244,1354.244,62.811,62.811,43.472,43.472,35.706,35.706,70.333,70.333,65.194,65.194
50,36,210,6.80497586993174,6.648244569212535,4,0.5390039017782678,0.18194352537349767,13.171912971310835,0.757292281001783,29.805917837838507,0.46878496795425884,18.086443085945234,1.5340627808496436,46.743153878761376,0.5230672671159826,29.035702696280257,36.29429894287472,0.34452813595900394,10.622733013936491,25.602095895840442,2.5702678822399907,0.6810420517091457,18.112,18.112,57.308,57.308,1147.284,1147.284,45.279,45.279,33.341,33.341,27.214,27.214,51.317,51.317,49.457,49.457
50,36,210,7.431021065806229,4.986469969816892,2,0.30946880069514543,0.17943588504764432,10.678844511620927,0.5849183302438233,47.79784650785119,0.6408467029943363,15.614008942472214,1.565864885601878,41.8627614104507,0.8985940895662846,39.13276231822114,26.30032234994032,0.7455328251951698,6.790705068595289,25.965794855406052,3.2539838763002824,1.076259192595821,16.378,16.378,49.294,49.294,911.58,911.58,35.976,35.976,22.476,22.476,52.829,52.829,39.657,39.657,43.486,43.486
36,50,280,4.170881638863906,7.366391604465054,1,0.5668280810133961,0.20419999066179895,11.965404402879738,1.113026266336655,27.823574976712724,0.3397515780598034,15.672094113932145,1.1624410690435254,35.70865341573525,0.9784647355089138,32.50499635635854,29.64478180299018,0.7739521005946534,11.216558247966098,33.785898941907156,3.975238327676574,1.4016344281690254,22.501,22.501,42.352,42.352,582.703,582.703,27.026,27.026,39.26,39.26,68.865,68.865,35.86,35.86,34.862,34.862
36,50,280,7.494254433238588,4.575790822979625,3,0.49492895000714254,0.15965357194530966,13.442448703962407,1.1564063455666513,32.548439086030335,0.3525036133567025,12.416186182616007,0.9743545840727,48.020434910983624,0.5158812528382908,38.76369504313311,38.16400478410924,0.7620899953347122,10.331880203499825,24.26417750432106,2.059235102457442,0.64976890524922,17.298,17.298,37.396,37.396,654.117,654.117,30.339,30.339,19.229,19.229,26.095,26.095,33.665,33.665,32.579,32.579
36,36,210,6.732840483866336,6.212408652668769,3,0.6348527208199355,0.18577630559059158,10.945940443177744,0.5749245159357874,29.760519106412502,0.35616541935766177,14.344731628818238,0.8183252687654147,46.020207970881714,0.8520221836431767,39.04740461264899,32.853395807356584,0.3473377881218735,7.294938365920354,22.110490822013126,2.6739050377378675,0.9317361976979908,14.703,14.703,36.918,36.918,752.394,752.394,29.694,29.694,28.502,28.502,57.401,57.401,33.884,33.884,31.251,31.251
50,50,210,5.176574443301145,6.801888828190985,1,0.3612931621898274,0.25297293526650383,10.894432459049234,0.9867641142990888,44.35736583620188,0.4486323172129659,22.31836193329962,1.5832293426018418,52.47236314205426,0.88139241984421,31.443488097255294,33.86679356875794,0.4947680149563074,6.179885974671441,28.00517578306919,4.914887692477556,0.6592017940449323,17.093,17.093,101.492,101.492,1541.877,1541.877,71.514,71.514,53.808,53.808,91.619,91.619,80.711,80.711,90.205,90.205
36,36,210,4.072855670660562,4.114111518082769,4,0.6072087717125825,0.17046718758925214,10.158611870565055,0.7513151750405056,33.79546217358055,0.4609668409976685,14.42628443617659,0.8148772140544596,42.007168638959854,0.4207646881263822,36.43562514535989,27.251658033054504,0.3550895995403408,7.9156046438617595,30.392583893878566,4.545286495344522,0.7353062702724402,19.154,19.154,24.968,24.968,350.599,350.599,13.837,13.837,19.366,19.366,16.215,16.215,17.546,17.546,21.566,21.566
36,50,210,7.856613999319286,5.511498543162833,3,0.5880851847203903,0.30257912512069585,12.75684003471295,1.099601130572526,29.88072401166906,0.7484220462982261,22.038422743817094,1.5090917472946561,57.23919909250968,0.6755886274960912,34.50751682238154,29.058115233483946,0.5762157588555605,11.885212389093333,29.251149547989563,4.700472628647847,0.8543255092973172,20.568,20.568,103.608,103.608,1559.379,1559.379,72.325,72.325,45.047,45.047,48.545,48.545,81.591,81.591,90.83,90.83
36,50,280,7.608713423992896,4.123804986884844,2,0.6041266497333703,0.32939354885102007,16.09792167389198,0.8906683011928636,43.494408570007266,0.6634244603960853,18.272889825903484,1.2192191059708253,43.93015317048624,0.6550853282600859,27.45381304307678,31.29291860026861,0.4262325445275873,6.927149814516554,26.303225587090026,4.872420531409779,1.352447552102642,16.615,16.615,54.512,54.512,726.032,726.032,33.674,33.674,27.101,27.101,51.383,51.383,38.177,38.177,47.675,47.675
36,50,280,4.387434484177431,6.94062409999542,2,0.6518907177390482,0.2406557634548923,11.320774084976367,0.9358087942041071,20.583477037584498,0.3829192705386599,22.455436156771988,1.3479650169982245,36.17590864935036,0.8303844528804483,37.24143482093238,38.29015373774399,0.6452858089149529,6.324489152004781,31.417085198763637,4.98961606261145,0.6348237085777424,18.871,18.871,58.029,58.029,818.415,818.415,37.959,37.959,45.209,45.209,58.611,58.611,46.49,46.49,49.74,49.74
36,50,210,4.557433907842709,7.223183165741366,3,0.6819331863810297,0.21040104587803227,13.285650998041284,0.7874776237638911,29.662779636186055,0.30256555480492375,21.652699495518867,1.4138792484729743,33.23879438735001,0.8132986914541156,32.20132568829195,31.305571120855664,0.7920532786792975,11.24508393186421,33.100080055730544,3.764544970492831,1.1224461871399636,22.173,22.173,53.59,53.59,823.555,823.555,38.197,38.197,43.536,43.536,52.143,52.143,47.85,47.85,44.925,44.925
50,50,280,6.296446450619058,7.716364861600059,1,0.3072969691410628,0.1599219588605302,17.738611845512693,1.1244704036291688,33.80331816958243,0.6441885698493446,13.286330445544616,1.2829498639366703,30.24061350823092,0.4629550302779865,37.15621365811256,29.47636147241754,0.5260292841137684,11.725076040453887,21.927246916727476,2.9330917965034216,1.2555532541765007,16.826,16.826,27.008,27.008,364.311,364.311,16.897,16.897,22.209,22.209,24.865,24.865,20.634,20.634,22.504,22.504
50,36,280,5.744476774818841,5.012631783142999,4,0.40279382039998024,0.19612676482536817,15.649262762552372,0.8481442849106346,26.664908370851855,0.2858061158752843,16.659618996890053,1.3332384831856956,30.73970450718898,0.6373931054103862,37.296114822530924,30.687312517322127,0.6494259245092147,10.355604791604772,24.708566758041442,2.3440312731658155,0.7924188082688344,17.532,17.532,29.808,29.808,594.938,594.938,23.48,23.48,20.032,20.032,27.161,27.161,26.992,26.992,25.611,25.611
36,50,280,5.091922164470336,5.273748832583584,2,0.4309687288137931,0.28340733153234554,11.42708415379481,0.6316047534099758,38.78815321148633,0.5832492964630044,16.99207286533926,1.5550148405216606,42.3324331559446,0.649875298955458,34.834764374222836,27.6043017750973,0.3573186052653488,10.64087866449046,33.12375437843768,4.225527236062399,1.1289364647568343,21.882,21.882,58.673,58.673,791.523,791.523,36.712,36.712,34.304,34.304,49.607,49.607,44.218,44.218,51.305,51.305
36,36,210,5.805938653786648,6.082886189799304,1,0.5761852620000886,0.22537094374028727,15.894469298930026,0.8783064019040536,42.42038252660609,0.5394369236873738,15.850926485802855,1.4330543939896532,45.10881846950403,0.6270668519495047,36.63714134958819,28.723758783844062,0.6487584261488937,6.548228332995859,33.02434716841012,4.7740750822910965,1.278242899556279,19.786,19.786,49.138,49.138,674.231,674.231,26.609,26.609,33.325,33.325,39.61,39.61,33.203,33.203,41.829,41.829
50,50,280,6.446999762843888,5.287375880471301,4,0.5478284567101063,0.31213816028698615,12.835282317267286,0.8642599246735416,47.767547699447135,0.6866468463512447,15.42858029058036,1.5765742467282675,38.92744016460484,0.8634526067594601,29.66644180888718,38.15049794714718,0.7809037706524518,8.947382584623501,21.135033600894754,4.035720046526654,1.106185823263361,15.041,15.041,52.208,52.208,709.497,709.497,32.907,32.907,28.789,28.789,65.122,65.122,37.237,37.237,45.793,45.793
36,50,280,5.507001305285105,6.3097814931265415,2,0.33028872911122437,0.15969294167175355,10.192671433883428,1.136773909225738,45.02052633711254,0.5372392588286092,15.64646079723812,1.4143366306244518,32.29322548696532,0.5350267712788028,29.444810260229808,28.523666751175632,0.5271400021465539,9.296038184402317,22.874695651596202,3.0737584282608474,0.8917544436766882,16.085,16.085,35.34,35.34,530.971,530.971,24.627,24.627,21.615,21.615,33.11,33.11,28.104,28.104,30.899,30.899
36,50,210,5.793006685562299,5.044662040013947,3,0.6063406239739326,0.15875354162927885,15.612249550873065,1.1236953481479244,34.89879017581947,0.7586190275528369,13.295525048521172,0.6827519459614453,51.22516079607563,0.6195476159365919,34.93042595529418,39.35722497760075,0.6868406187611666,10.357030277219552,27.77230681212389,2.426160884729488,1.2642828754363085,19.065,19.065,37.871,37.871,676.404,676.404,31.372,31.372,23.981,23.981,42.986,42.986,35.944,35.944,32.615,32.615
50,36,280,6.61727029386102,4.5737706114807075,3,0.3329393064383328,0.2844851915471449,10.153344716335877,0.6189218706154822,41.098819166366354,0.5405012254716279,21.204518956632164,1.141821519430402,44.342059966659264,0.48482886369713396,38.60331244247372,28.772103675973668,0.5261942095773494,9.554623687500282,32.84687549052919,4.630426603978766,1.0003223621935335,21.201,21.201,47.375,47.375,803.549,803.549,31.713,31.713,23.182,23.182,23.19,23.19,36.627,36.627,41.451,41.451
36,50,210,4.339569361140789,5.799353852413346,2,0.606483980029263,0.2532700682150153,10.770918845633494,1.1063909699282561,26.357344076756995,0.7913380067111347,15.892529817969447,0.8983859121323323,58.83170956689118,0.6326654087476768,32.218925774971105,28.222596677960315,0.7179073349470648,7.821719899806503,33.857222234369345,4.640477478910939,0.7329476587212425,20.839,20.839,59.933,59.933,858.622,858.622,39.824,39.824,42.887,42.887,39.697,39.697,48.761,48.761,51.856,51.856
36,50,210,6.271190277975254,5.078001068499374,4,0.6551562127460073,0.22916373435559273,14.819851000990498,1.053398913258549,35.38588200587846,0.709122534487111,17.426527737003838,1.476064663898113,40.4449318068465,0.569239478360276,39.42386383700788,28.55601790357369,0.760475270967792,11.250614619079563,34.109958520266375,4.100570018920807,1.3818827711265556,22.68,22.68,54.028,54.028,730.696,730.696,33.89,33.89,30.691,30.691,38.08,38.08,40.851,40.851,46.475,46.475
50,36,210,5.196523226895662,4.282770521637175,3,0.38143751789750235,0.28143044095470837,15.827480094161125,1.025650758422194,33.14023863458601,0.5660326090964578,15.009823615150781,1.573798610542787,50.96673663485545,0.8938376777261915,30.415755511580354,32.06528560751119,0.7056844801424118,11.025005481562292,25.099938320232884,4.244259421690156,0.9893579581063807,18.062,18.062,61.995,61.995,1017.909,1017.909,40.173,40.173,31.908,31.908,64.88,64.88,45.936,45.936,55.179,55.179
50,36,280,4.36378845947022,5.778115487536732,3,0.4613546385275479,0.28296533421218406,10.225763484005942,0.5613181501476566,27.25491290161094,0.6476726369760726,15.6173496993721,1.4477083731680396,40.43194561740438,0.8328902987847859,37.36822845650469,31.00012760226378,0.631856871191721,9.120276786922377,29.3667410751797,3.7842456310665256,1.2570693969999898,19.244,19.244,44.68,44.68,747.644,747.644,29.506,29.506,32.75,32.75,47.456,47.456,35.809,35.809,38.637,38.637
50,36,280,5.756313083622263,5.166690446065665,2,0.41151487957317645,0.21185245608701164,11.041075379878615,0.8930694427977302,34.07052338962538,0.4729783456199363,14.922343091199025,0.7652159433542786,59.72839939814016,0.9910262860372999,30.674018979168235,36.43144032293409,0.4528413510399055,7.283420762155707,33.87103230314057,2.6424187790552476,1.115299839870804,20.577,20.577,56.579,56.579,1273.992,1273.992,50.279,50.279,29.441,29.441,87.547,87.547,56.338,56.338,49.742,49.742
50,50,280,4.996542622160555,4.731106617901743,1,0.3402500579294854,0.30938454600072385,14.508187711332692,1.0597902873132616,46.4943836233111,0.5679745686554037,18.92004513261782,1.3791245410205315,39.334948169213746,0.41662332140158986,32.42805506549425,36.879139888974144,0.5629108467656088,6.679382410275078,28.941146771423966,3.9938595868459283,1.2214544452069336,17.81,17.81,49.682,49.682,711.607,711.607,33.005,33.005,29.89,29.89,16.263,16.263,38.328,38.328,43.665,43.665
36,36,210,7.164272941968829,4.763816066746809,1,0.557412227224956,0.15369451794605857,10.364492588322667,0.7672271653351712,28.232262862319892,0.4568712205628769,14.782903025808851,1.3604993831298393,30.03512745517429,0.7082380831367929,26.314870047512954,32.997148430377415,0.7988479029306121,11.915512559573122,24.399570363640358,2.9069288673545817,0.6876059020120306,18.158,18.158,27.568,27.568,481.996,481.996,19.022,19.022,18.503,18.503,29.364,29.364,22.382,22.382,23.311,23.311
36,50,280,7.933450966252865,7.829589532171088,4,0.3207716197217805,0.3339150435268152,10.486712875956968,1.023475566596579,36.43543033484271,0.6771961968683538,12.492396594346548,1.3369127442444966,57.85657097056588,0.7077849312688875,29.602667309122783,38.01959753179176,0.7392169017306324,11.924270063505652,29.308517805037255,2.913777583384434,0.8530972724689454,20.616,20.616,67.007,67.007,1042.433,1042.433,48.349,48.349,36.578,36.578,55.606,55.606,55.89,55.89,57.31,57.31
50,36,280,5.130360121982984,6.88528797058001,2,0.6756424761287345,0.17072415776235736,11.156260106645417,0.8451448371351562,36.715967472613386,0.5164432204645142,13.425457334299184,0.8827329540702044,48.66243720306801,0.6615520927304359,25.93432898340759,30.00954117088005,0.7708272231153102,11.300299827537401,27.903525221268143,2.2395125110815686,1.249355489611907,19.602,19.602,37.27,37.27,741.073,741.073,29.247,29.247,33.602,33.602,45.37,45.37,35.834,35.834,30.586,30.586
36,36,280,5.50915767220304,4.953318319987206,4,0.6425400117745341,0.151031482542482,15.152478552984668,1.0223088872055217,27.208381388338182,0.7943708554325164,12.818981126065333,0.9565903619350898,30.222947794452804,0.6656413652474205,31.45514562932663,38.199782665849696,0.5178755184249104,7.363150541065127,31.692759921955137,3.6706227919093313,0.9939907142829498,19.528,19.528,19.56,19.56,286.723,286.723,11.316,11.316,16.335,16.335,28.604,28.604,14.506,14.506,16.189,16.189
36,50,280,6.567586586929014,5.994118908067843,4,0.6762067504396262,0.25049652520021815,15.829248800868196,1.1261775705073511,40.12395925180901,0.6996082282543412,19.73457871985954,1.3829910777747068,56.782511012678086,0.6456127718849892,38.017255053122355,38.7154936597783,0.6666513208500169,11.15559571513869,23.095707087411494,4.7289549992715605,0.7572322132785111,17.126,17.126,86.969,86.969,1258.308,1258.308,58.361,58.361,42.742,42.742,42.888,42.888,65.681,65.681,76.642,76.642
36,36,210,4.013235078073643,4.14785117317216,2,0.49370051840644363,0.16484027357530237,12.814351540604001,0.6653882465336423,35.31901001729241,0.5989372374788009,23.61076833290914,1.218210258487097,59.59707456810432,0.9511784123783968,29.177354443181002,36.11388770921018,0.4457667945031033,10.25875514984376,26.461850966945367,3.067469244164159,1.4144497407521333,18.36,18.36,89.769,89.769,2019.797,2019.797,79.713,79.713,51.86,51.86,82.529,82.529,89.235,89.235,80.777,80.777
36,50,210,6.838596444580578,5.328110117648077,1,0.6327532220860219,0.31966962408616245,13.614890959589049,0.8706297856969605,23.872090044285233,0.7232204223414186,18.65783229970444,1.2131667530356798,31.205592954528743,0.7433032992005076,27.371680325517847,35.534476139877235,0.4002431048875523,9.476791802290006,26.624916570184595,4.018945569349228,1.1496048498444376,18.051,18.051,38.585,38.585,540.325,540.325,25.061,25.061,29.196,29.196,45.098,45.098,30.331,30.331,32.188,32.188
50,50,210,5.923403345777695,7.938179096376215,4,0.6186012826800606,0.231276729645479,13.228034693436008,1.1836658780291156,26.11443842191116,0.38254542301975875,19.27866631664421,1.3932119079791119,52.877520193030705,0.8605166940753715,33.59765314282754,32.441798361625295,0.6453869008819346,10.139852755126968,22.015004379494098,2.9017901431213056,1.3829605661121307,16.077,16.077,85.078,85.078,1506.333,1506.333,69.865,69.865,50.281,50.281,88.926,88.926,77.949,77.949,74.31,74.31
50,50,210,6.337381401874717,5.263964588783584,3,0.43361748598323846,0.2881314227532483,15.6136760076453,1.0855714529264433,49.123900640955085,0.5413259143064743,16.488297142974517,1.236474460271395,49.53140104877829,0.9734940666973521,28.62121862916263,37.81439486437322,0.3023419868288672,6.618764764319395,26.79792505461762,3.1166051379390876,1.2837616283118671,16.708,16.708,66.72,66.72,1151.337,1151.337,53.4,53.4,33.267,33.267,96.58,96.58,58.958,58.958,58.887,58.887
50,50,210,4.598600615429359,5.369452754251981,1,0.49254627050649136,0.3365670362469224,12.309302281380699,0.8747036936426886,36.84953536523321,0.7316148162922314,15.178649985467722,1.5720525775502336,39.92746684732317,0.6286277890596217,38.63687149950039,36.05950642225802,0.4760836201721046,8.57410024520598,23.490073831955225,4.3783174721465405,1.443509812058221,16.032,16.032,49.973,49.973,599.862,599.862,27.822,27.822,35.128,35.128,46.152,46.152,33.454,33.454,43.593,43.593
36,50,280,5.278244303845252,4.894549683547801,3,0.4361089279436774,0.26089627097506024,19.068184822390783,1.117146765659454,49.25779142013228,0.49990670802667303,16.85997742980113,0.885101460019604,53.18967029976424,0.7149765107916424,36.90403914349065,36.542195348966416,0.7227428525743507,9.015567129460075,33.356686376890536,3.2405159555934855,1.0133101256129615,21.186,21.186,55.387,55.387,953.084,953.084,44.205,44.205,31.82,31.82,62.648,62.648,50.946,50.946,48.434,48.434
50,36,210,4.962493828469753,5.650210302690613,4,0.40364974507079776,0.17425246124221855,11.916152922961368,0.6748897484993754,25.49488666305168,0.6675261676943471,17.608534994887293,1.2740199758387298,41.34202152580887,0.7131373132511581,39.40424256350675,30.050073529561068,0.606772613875354,10.331239985154753,22.76877523051769,3.2772164723539277,1.465491041017892,16.55,16.55,43.518,43.518,832.597,832.597,32.859,32.859,25.954,25.954,41.994,41.994,37.155,37.155,38.387,38.387
50,50,210,4.851569571779249,7.486702667019914,2,0.602405602763587,0.33998049611266434,12.776885607939654,0.6876034739431365,33.09399495519718,0.666648046088814,15.89037083160122,1.5477518227824882,38.25184501793311,0.8405228226574273,38.0618182773222,32.05469824224183,0.7715290949880456,6.500254681043464,29.70513805033928,4.171508160275736,1.2653035955907768,18.103,18.103,53.992,53.992,688.471,688.471,31.932,31.932,48.368,48.368,62.297,62.297,40.688,40.688,44.929,44.929
36,36,210,5.336257419282604,7.846252613756994,3,0.32669480792563294,0.21812223313492707,13.404298907226412,0.9847514292959149,30.026128584182977,0.42881392076993324,16.336441791226036,1.4305187728969837,47.86937828277707,0.8245343523634658,30.97410219567272,30.67211146905779,0.3736695638341304,8.694734454043896,25.106026264176162,3.251616629282803,0.6375769615117445,16.9,16.9,56.586,56.586,1070.812,1070.812,42.261,42.261,35.027,35.027,56.331,56.331,48.18,48.18,49.426,49.426
50,36,280,5.55758567566255,5.733188337270278,4,0.5892660078846093,0.1697132671137543,15.092481900870698,1.110226801010997,42.09270101712413,0.7908503685301935,19.40986902197049,0.9805536315720873,37.12977082419362,0.6176119352657944,31.06827320476645,27.46625411746249,0.6786279542708982,6.395870550663293,30.68982866401459,4.120322201977026,1.0483628180049482,18.543,18.543,34.101,34.101,586.878,586.878,23.162,23.162,25.109,25.109,32.97,32.97,27.818,27.818,28.908,28.908
50,50,210,7.830750322899838,5.387590785075119,1,0.6390104547097872,0.17753360979288635,16.504024277878994,1.057435286824704,39.96520120286365,0.6643680390117588,18.063017341571804,0.9983409883671605,37.760567649163484,0.8493987663141953,38.45330433877398,26.348020440477367,0.4953072476901003,10.605838655864492,23.847524752011164,4.914214725574304,0.608398443714994,17.227,17.227,42.529,42.529,573.827,573.827,26.615,26.615,27.341,27.341,64.043,64.043,31.324,31.324,36.121,36.121
36,50,280,5.520806969779555,5.812549810661837,2,0.401966048887023,0.22853110913548444,11.439147565852172,0.9660120718094909,20.58342184691211,0.6377292803286136,14.534300895163511,1.051711271191269,43.21318837069128,0.8010903675087845,34.60212604750721,28.78249011347574,0.5180276763698861,9.364281484576043,27.570426107960262,4.027408723745737,0.7483585746032118,18.467,18.467,43.924,43.924,625.775,625.775,29.024,29.024,28.018,28.018,69.429,69.429,34.198,34.198,37.991,37.991
50,36,280,5.49429174912329,5.575677032838556,4,0.5273283062498652,0.33453895838907594,15.858021658349157,1.1942168838485419,27.69010319193353,0.7224046849988772,13.233772596347567,0.8808764440979956,53.55069592208062,0.712482673339352,32.50900088984197,39.10299651076148,0.30507939725171596,8.172279926517728,31.11352378801451,3.6352004588998192,1.1832265447572055,19.643,19.643,42.592,42.592,754.411,754.411,29.774,29.774,31.842,31.842,52.809,52.809,36.028,36.028,35.905,35.905
36,50,280,5.14816677221377,6.574164616877011,1,0.4933707139892538,0.234100942545164,10.669012670633535,0.9250954767960063,20.409091932751185,0.6270037172860304,15.429469511999192,1.3069866748528747,34.61439481252255,0.6430204961573946,26.88314874981853,38.77004373492811,0.7688692184676693,6.072615974918412,27.819354398510782,2.946209591220825,1.1202004919975248,16.946,16.946,38.156,38.156,579.788,579.788,26.891,26.891,30.668,30.668,43.381,43.381,32.088,32.088,32.324,32.324
36,36,210,6.531000671232601,4.32606822279954,3,0.5185374837099654,0.31242008854418457,14.621112863470913,1.1826890210048062,40.819715341994,0.4441356310336478,20.583388904929883,1.502918631690684,46.00703864320407,0.5489176710708997,25.92350933213692,37.16745639869308,0.5703967754933035,8.968124775537143,22.674290661956345,4.052344718405786,0.7900560572237755,15.821,15.821,60.71,60.71,1088.403,1088.403,42.955,42.955,29.944,29.944,30.294,30.294,47.692,47.692,53.624,53.624
50,36,210,6.582581537327268,4.0552039688340145,4,0.6021173555657708,0.19634520210921905,13.222940154734722,0.9846142836381052,34.54260342324175,0.35369717626150754,16.256549497533552,1.3316277947839357,42.66540475887854,0.6518097651609592,35.402249174003686,26.788237072355564,0.6553489035503312,10.65465398276262,33.39123656164579,2.2056894933116813,1.2148277369584564,22.023,22.023,43.919,43.919,912.724,912.724,36.022,36.022,23.413,23.413,39.578,39.578,41.178,41.178,38.003,38.003
36,36,280,5.453157448191812,7.681961991729738,2,0.5221882140539976,0.2979612682561039,13.535774176429936,1.1671895185896877,35.080554420836755,0.5392910359942622,23.769429674375026,1.258308138700024,40.74435960101296,0.4222439012246003,27.41519596155255,27.828726980243133,0.7850661519032176,11.731394390161288,34.841936576372476,2.4187412434305604,1.378010931777888,23.287,23.287,53.957,53.957,1094.908,1094.908,43.212,43.212,44.94,44.94,16.491,16.491,53.677,53.677,43.914,43.914
50,36,280,7.491679742763294,4.605410315794902,1,0.3042238698651106,0.180471051352743,10.304120205951701,0.7675607048441797,38.22272663437542,0.7833712385655266,16.825669920514496,0.9100706660821275,52.74292628068935,0.602799727462499,33.802474419095795,37.27499819497611,0.5919940835893065,9.650880537769549,28.96056307744007,4.1680835394008735,0.690664170258246,19.306,19.306,44.215,44.215,791.248,791.248,31.227,31.227,19.18,19.18,37.738,37.738,34.93,34.93,38.955,38.955
50,50,210,4.081929378894933,7.466189857891509,2,0.6746367070805717,0.2689771324607948,15.324273906840435,1.0748481827672038,25.87473797114894,0.47261140891156755,12.641996743598968,0.8261734251193092,53.94958186185577,0.5482703622766039,28.840196237496713,25.685798735711128,0.4433785711431754,7.901795315968692,25.719082824319425,4.9964351473859905,0.7948610920313957,16.81,16.81,43.009,43.009,491.148,491.148,22.78,22.78,42.682,42.682,28.171,28.171,29.955,29.955,35.935,35.935
36,36,210,5.890893048361095,4.749107990729561,4,0.4378284637111609,0.2574876332986474,17.337370379450995,0.9429291948297706,41.172594105718424,0.5791153827158338,16.904755085174614,1.3371898241106617,35.61426808436693,0.6265509594775737,37.00253898028173,36.9898847971746,0.3804211285029003,8.273218045022158,29.10251059181566,2.386753255166635,1.3004164987251383,18.688,18.688,35.902,35.902,725.993,725.993,28.652,28.652,21.806,21.806,31.328,31.328,32.727,32.727,31.072,31.072
50,50,280,6.921258227295151,7.151336098394971,2,0.4673078563445987,0.300968603126327,11.512262674908097,0.8873769601350121,31.955216749432218,0.40881169508891246,21.824768775790112,1.0949105998814104,45.970011463545795,0.678761870068687,27.458673778168055,34.52839133231452,0.3845486286899013,8.249786461628766,23.07437968159721,4.76741666168064,0.7078068628210382,15.662,15.662,62.193,62.193,929.103,929.103,43.093,43.093,36.095,36.095,55.624,55.624,48.746,48.746,54.018,54.018
36,36,210,4.87031858229984,5.78142782023092,4,0.3066109753359301,0.235756136142788,13.543679686132947,0.7780821723693426,48.979714945316815,0.649597575595179,16.52373678305409,1.1614428758329716,47.47827288256842,0.9969152548673967,32.12531078025973,29.943994255576,0.33040643328631647,9.89484221214381,31.960744108672962,4.707648753998359,1.1667546200168273,20.928,20.928,52.704,52.704,890.574,890.574,35.147,35.147,32.947,32.947,68.331,68.331,42.042,42.042,45.947,45.947
