A_sec,A_trab,fc,L1,L2,Pisos,Cm,Cv,vigas_sec_bf,vigas_sec_tf,vigas_sec_h,vigas_sec_tw,vigas_trab_bf,vigas_trab_tf,vigas_trab_h,vigas_trab_tw,col_b,col_h,col_e,wuf_E,wuf_tp,wuf_a,wuf_Acero,Calculos_conexion_Mpr_iz,Calculos_conexion_Mpr_der,Calculos_conexion_Vh_iz,Calculos_conexion_Vh_der,Placa-Alma_Vu_iz,Placa-Alma_Vu_der,Placa-Alma_Rs_iz,Placa-Alma_Rs_der
36,36,280,4.227220897043585,7.583611200880198,1,0.5440955609611693,0.21365532171154736,15.950960552939652,0.9720932048738556,49.75094929981101,0.594732497865847,24.574409108850652,1.3332969949645608,34.1171593638845,0.9000999824720449,36.53211297884384,38.99901875349354,0.6520289844235071,85.65024250588496,0.8209437594992424,0.8098666477130607,39.33076052522925,51.177,51.177,13.252,13.252,13.252,13.252,32.807,32.807
36,50,210,6.723420364043912,4.880232752160436,4,0.6122905683503292,0.2294888287434402,12.226002314765296,0.622969657537313,26.592160575562737,0.7693116464142085,12.378011949644835,1.130537260046249,37.8050137101107,0.7352325151253403,35.93372285074107,31.284442382994342,0.7742850986585583,61.87719082539387,0.7082143791992641,0.8727978519838074,47.59546955349413,34.574,34.574,5.433,5.433,5.433,5.433,22.204,22.204
50,36,280,6.4493503657547215,4.401815547975302,4,0.5056298299757035,0.3153208851338217,15.698599798418035,1.0413258007852508,34.31428567937874,0.4709473382426941,16.662153024305862,0.8525602641673854,51.99772545974983,0.5734006968848816,37.76295439397181,27.284413994200094,0.377089768143343,79.1905032647595,0.7263352549301683,0.9136626204063791,39.08356780108675,42.983,42.983,7.079,7.079,7.079,7.079,43.177,43.177
36,36,280,6.075339217128471,4.969173576310954,4,0.4995883420695613,0.343432555493061,11.654918179276994,0.9200418652589804,33.84801670818216,0.6474000535361133,12.754435503038403,1.2788571123991068,45.463313383067586,0.9152131964745794,25.76137005133606,29.36923410223004,0.6217723541478503,75.18098697542378,0.9655335506046244,0.5633541196513607,36.97033812560524,45.066,45.066,7.746,7.746,7.746,7.746,50.966,50.966
36,36,280,7.980011239519376,7.115841170225985,4,0.5259723788478831,0.17021001336406494,12.104929976794004,1.0350233041138748,42.857845272367854,0.772418889431208,13.383141595692475,1.3854465457292582,47.574930246416926,0.7539520200910672,26.543173449635105,31.97949325043256,0.5653445236703246,82.34656520946407,0.5340304464020633,0.6621708762800879,39.61395320591183,48.732,48.732,6.317,6.317,6.317,6.317,25.41,25.41
50,50,210,5.874626461599721,6.09010321608291,2,0.31167008338621166,0.3027897597842346,11.247992492126514,1.1500314093788446,25.29881952538108,0.2659046933324031,12.269971590100464,1.0725933183813998,34.680643288794755,0.8729262102498943,25.386773750819508,38.135574945086766,0.43464660335813415,88.46957237964529,0.9996237245668227,0.7035710433257999,47.62846290692795,31.229,31.229,5.556,5.556,5.556,5.556,45.702,45.702
50,50,280,5.4048216159401505,6.876803220843877,1,0.43295087893564266,0.2764335674042936,18.779164253061282,1.168390675214951,29.757062130620895,0.3408302776781579,16.307492487400392,1.407161869365971,33.06865362290926,0.5970843896257046,39.57408473154265,39.17485438723671,0.41960254930042873,80.30708719126427,0.6891906023578953,0.7144613543867615,39.63917951238282,40.035,40.035,7.992,7.992,7.992,7.992,23.345,23.345
36,50,280,5.855231239522238,4.327870199721103,3,0.3893954390491259,0.23306375187531453,10.314777527915115,0.7173672958654278,49.31043100647702,0.5616741459450452,22.038096098277695,1.5968478254518277,40.11026076559081,0.4660055014702066,39.30828201161402,33.783264559869004,0.7204111868417107,71.01230332214628,0.9834677049767183,0.8570671824559666,49.27385746126253,70.226,70.226,12.857,12.857,12.857,12.857,41.04,41.04
36,50,280,5.041578823319781,5.4008510499349445,3,0.4891763324591521,0.1985559539610536,17.360575670515193,0.878576478094552,48.514015721063345,0.6678630946144002,19.43211235816952,1.298739862461817,57.85474000020666,0.8950900405284671,31.452112499746384,34.66166292608412,0.5658313675950213,80.2284409639451,0.8360930178092232,0.6482031822207206,47.36277142620522,97.89,97.89,20.709,20.709,20.709,20.709,59.172,59.172
36,36,280,4.4838290093033075,4.188629527833003,3,0.690406808556461,0.3413139068188599,14.055967854504763,1.1944650840622526,33.21185754622179,0.5466306301272867,15.875675651758176,0.8584486149008425,55.72695246184062,0.883891801364743,39.10878697700647,31.507422606346765,0.630244198642298,70.63540219545163,0.767641558305235,0.8359967732560001,49.44233383591627,54.951,54.951,13.426,13.426,13.426,13.426,45.027,45.027
50,36,210,7.039283027457104,6.842773965618747,3,0.48375931028042973,0.1539930546735376,18.767375946937317,1.182191972038052,28.767219638691913,0.41879233914027014,18.78336219514005,1.035791150690632,41.24074425532859,0.9258141701224114,39.10018530534849,27.58051180548936,0.4448619291615694,69.88023041381925,0.594616031600693,0.5024423008805985,38.30516570752021,44.885,44.885,6.751,6.751,6.751,6.751,22.178,22.178
36,50,280,4.804786861674633,5.36427755752446,3,0.36742102412458527,0.2669757001467937,15.845623399691142,1.1563667081154527,23.679015881501225,0.5553977825327783,22.80084015945334,1.3895975172889714,42.507926724154046,0.678899303617793,29.773514381918723,25.091914529620432,0.5756960513099717,80.99323107506754,0.8141876307167615,0.8491339813182723,44.24362380668326,72.85,72.85,16.163,16.163,16.163,16.163,39.858,39.858
50,36,280,5.871046059949035,5.391272245993353,1,0.3535889216357365,0.30559076267679,16.625970639644446,0.961535095624417,22.48412370320413,0.47516116939218184,12.17545546315439,1.1339038261368075,34.2844749920735,0.6558682098730106,31.42359572323172,26.923538637966487,0.3265211082790089,60.75974687551054,0.8980708051145951,0.8940682638939089,36.14705907711505,24.696,24.696,4.444,4.444,4.444,4.444,26.543,26.543
36,50,210,4.4828469230737955,7.900494582830207,3,0.6066402888416378,0.2888110568931099,13.959417652858871,0.9134577290774126,31.039934288808205,0.6448943183335248,14.184602836486132,0.9684302094252304,32.246444233165974,0.5628323436086226,35.2621745193232,35.025098357039724,0.45244699631088575,82.83619897241068,0.602043097391117,0.6370125283528223,42.2620447859885,25.923,25.923,6.277,6.277,6.277,6.277,19.948,19.948
36,36,210,7.1661757491479285,7.17051342739923,4,0.42342947501324363,0.2696534766975826,11.024059229605271,0.8415463903755827,33.883475491145816,0.7569336252340905,18.305703045213892,1.5924198021940752,48.639119354660146,0.8238401337658874,33.21122925290844,25.740421731211764,0.30618586822020544,98.25541711395829,0.5865856502683282,0.6376923981161109,39.32958019540573,70.919,70.919,10.377,10.377,10.377,10.377,35.687,35.687
50,36,280,7.7748483159078505,6.9341589736320834,3,0.6798074917222303,0.24754463143119204,16.65220861056845,0.8467354604260537,26.97429726175228,0.3207664789599336,18.634794727060093,1.4830899747310016,45.62271943313657,0.5720496658601781,25.79604983995804,38.69994619892469,0.6048348215397177,89.50454119660641,0.7292887187178461,0.8424823217374645,44.72667630393494,58.414,58.414,7.771,7.771,7.771,7.771,41.091,41.091
36,50,210,5.268856137370296,7.17730721029384,4,0.6528616987350797,0.164038980331626,12.43664077264448,0.7211969277412021,32.98497727486959,0.7498642752641369,22.542252221168436,1.4147763822638644,48.421973728270615,0.5048611734443381,39.22055868772403,38.6490611972936,0.7346429853913189,82.95950628487577,0.6030110996029872,0.6121499255370277,48.41625338714354,81.701,81.701,16.754,16.754,16.754,16.754,31.554,31.554
50,50,280,4.5949727589022205,5.183023585922381,3,0.5687516097672909,0.1995430593943676,12.50151814606696,1.1281286893878748,44.563845184342405,0.737912942805831,12.348013036383675,1.557792482370354,34.522974534524955,0.7893222094826347,33.604081343967664,31.883458716684217,0.7930864925759604,88.62663224784384,0.85446111065842,0.8614263710875047,41.41864669437346,38.439,38.439,9.025,9.025,9.025,9.025,35.589,35.589
50,36,280,4.759759578302817,6.48423277796625,4,0.3466558696192288,0.20250072378480102,13.909629972170015,0.8982693504799281,44.67969101595141,0.753398008898797,23.860023346632325,1.259057769605183,39.63855515864149,0.7099823812240923,25.156752086489803,35.21901457327315,0.609852457072665,86.55897100478919,0.5854577025826666,0.6543285338506197,43.61501144795147,55.155,55.155,12.234,12.234,12.234,12.234,25.069,25.069
36,36,210,5.3106044354692425,7.0340322268067,4,0.4935514301383835,0.27045265705370436,16.06202889359184,1.0973853983977957,29.662830306957478,0.300440596565942,21.251014410958927,1.1915738712078292,40.48404617244961,0.4617631024420912,39.069603031962494,37.73598675450225,0.44875115943108485,64.32584817204103,0.8461989877984426,0.532345156900485,41.09760263085107,45.881,45.881,9.326,9.326,9.326,9.326,32.376,32.376
36,50,210,5.44511011561959,5.0603407607057225,3,0.3737869846030044,0.2210040809988575,18.496099868813474,1.1516072883255126,41.12052523458945,0.7784155609501815,19.01947882667934,1.1190915211717027,35.8525400383236,0.8481754036545763,28.51752767125426,31.242456376451944,0.3249171075888251,64.52059965616951,0.7381626114690928,0.5376746852618991,48.54595467759423,45.401,45.401,8.799,8.799,8.799,8.799,23.533,23.533
50,50,210,5.233206856930805,4.1950629816441944,1,0.47592617945590204,0.28580284839825376,13.374666054053556,1.0951146910707648,28.473441047707986,0.6275540610272152,14.83213098190106,1.3556106529327128,44.04815999512077,0.7571662986166425,37.40581325931414,29.69965696002244,0.3381265743984155,80.20016254952736,0.8637356958497145,0.6108992997496674,47.07995519553292,54.815,54.815,11.281,11.281,11.281,11.281,45.147,45.147
36,50,280,6.916907951195476,5.4059577579395315,4,0.4101449490333648,0.29890048520682433,11.8691869629119,1.0529339516168965,38.963437785071044,0.7384785476034437,12.929305596168529,0.8370776149216722,35.8720276886205,0.7945587695678049,34.26341303519043,35.0712552674281,0.693873235268226,65.52675354975008,0.8634840581260408,0.7329273545180148,38.00796478774109,28.361,28.361,4.314,4.314,4.314,4.314,29.655,29.655
50,36,210,7.316990789873782,4.421232061883622,4,0.5737211600630419,0.24258214883657747,12.944197092194273,0.8540136138309398,26.336025947306595,0.4948005101534909,23.319760848465013,1.3848786588416981,40.118467276897555,0.4121385918797835,31.853541060390647,25.491269800224913,0.36542757232017054,93.63181503585349,0.9591905960633683,0.8295198510047602,45.4850885205432,55.04,55.04,7.865,7.865,7.865,7.865,53.214,53.214
36,36,280,7.454225476104597,4.581223267182813,3,0.5217670423601929,0.29467904380717574,12.440982990692643,0.8597226314392281,24.022884161096663,0.31728201349565816,13.656906463076183,1.5941173019383186,38.80796038608901,0.9358553633821045,31.507451986994553,37.07193448729722,0.6934704767756594,99.48722926934049,0.846991015933057,0.6807469016090006,43.120224567136916,43.689,43.689,6.12,6.12,6.12,6.12,46.114,46.114
50,50,280,7.143299202810986,6.989291559507253,1,0.5058611696446565,0.17939692107971283,19.303224415055574,1.168092880146777,24.688656848818958,0.28202358921601545,17.12596973495442,1.3548354244851915,34.04215567770403,0.9247372557532711,27.161091965709172,30.262837908288468,0.6041419955005114,84.38943676425829,0.6398556455334641,0.880687112898875,45.61661070736433,45.704,45.704,6.651,6.651,6.651,6.651,22.68,22.68
50,36,210,7.93551845910047,7.018525016095035,2,0.6758908992417489,0.16330240549725197,13.49044862888275,0.8024570348889628,23.49582151027443,0.7059805457517854,17.286877827382717,1.4014253438925803,38.095224068676785,0.5882533764552322,31.102637786225372,34.22706472608133,0.6963013626823282,94.674804462097,0.6478652581549091,0.8387922688297282,39.61554673570052,42.313,42.313,5.55,5.55,5.55,5.55,29.764,29.764
36,36,280,6.060656894140069,5.12568358423912,1,0.4374413238381767,0.2340262464193811,12.194398371472968,0.8388994112220266,35.97568921122238,0.622002657199348,13.58626006011393,0.7586392753481697,39.273653877168954,0.5574565854641507,36.151611245959,31.160855318231725,0.5001390554766283,64.39798009667977,0.8737729804768224,0.8609406655419204,39.65174072138663,23.508,23.508,4.125,4.125,4.125,4.125,32.818,32.818
50,36,280,4.474226215130601,6.132371475463062,1,0.3680911463868124,0.313456286260305,10.162518319098146,0.7156978981844053,20.6320273236332,0.6867016914445574,23.16708349647343,1.4965454223814072,38.05370360971282,0.4473948837896179,35.256102033868174,32.94295466908648,0.5510426455649295,72.46731035970544,0.5176939806383876,0.6508099097742075,42.05435505310598,55.448,55.448,13.453,13.453,13.453,13.453,16.235,16.235
50,50,210,6.5422337705531,6.186239534269388,4,0.3169029628506587,0.333286447691746,15.292724457769161,1.039238022215106,33.082938370048005,0.4463157247032018,22.157200991742478,1.166766965364106,56.577742663021915,0.881931042515131,30.291311303945708,31.43841775430144,0.433454374386056,95.96388626354127,0.9594243802814137,0.7268625635209929,37.364817263661976,96.531,96.531,15.471,15.471,15.471,15.471,82.582,82.582
36,50,210,7.989192643172396,7.716519286383424,2,0.6946344241539104,0.34456271641086694,13.310404557703237,1.1653526799534677,23.70380702182488,0.3276299751098381,19.42087861296313,1.2103979788006103,40.92603111850123,0.6069423106523077,34.4258534824291,35.56719203635595,0.44135604841478726,99.24976768798801,0.9115042934620374,0.795232127333166,40.362369111807325,53.735,53.735,7.029,7.029,7.029,7.029,54.81,54.81
36,50,280,6.517324097384936,7.043866928683845,4,0.35651974028316386,0.2628811662821882,16.49933823689392,0.9257693631146086,33.90365738980552,0.7507268122733954,12.870073847426118,1.1828216508180107,33.538924693777716,0.5628027218752554,37.97370816302339,39.270870891121845,0.7448832564858876,74.21172993719331,0.957199252928814,0.9565344186407836,41.64659930326716,29.187,29.187,4.755,4.755,4.755,4.755,33.942,33.942
50,50,280,7.849405508661237,5.133597062369334,1,0.4854585529638671,0.179580559255541,16.038115120545548,0.9308435958281304,26.944508365203635,0.6152488089032921,16.19764579601193,1.0380513944427876,35.64385562956737,0.5495644610648435,34.80291628319016,31.236788898404587,0.42511645074877086,79.83920563420116,0.6131686007035542,0.7405549758426366,46.4872524519523,34.168,34.168,4.555,4.555,4.555,4.555,22.022,22.022
50,36,280,7.1376109014853135,7.4233237560556065,1,0.6478463016545558,0.20651943502208397,12.15912300391922,0.7519549139873039,37.63351466641211,0.7931597399601055,18.16192215355735,1.0458906079365307,36.2346832422907,0.4195695806934521,33.027520518386154,35.16815941811503,0.343188551049788,94.25914440498964,0.5327294026058922,0.8879387005914684,49.444538283469996,31.206,31.206,4.584,4.584,4.584,4.584,21.135,21.135
50,50,210,6.5961956321391595,7.66646595676176,3,0.36489694084268165,0.2732891692019809,18.01583825382674,1.0745164107636913,20.839390390347198,0.4460759266207557,12.058605802648215,1.5949842241090078,31.36225480989816,0.8662762752583244,29.646158622629503,28.452483302640964,0.479961217725632,72.7679890746676,0.9063720894784004,0.8131524223969162,42.87142238137564,34.526,34.526,5.481,5.481,5.481,5.481,27.91,27.91
36,50,210,6.727235973081983,5.823397753181958,2,0.3627755592748241,0.2430334908598557,11.73954757901554,0.6809993366223084,24.269922320500587,0.5761218136975663,14.935701525879455,1.1656385931481845,50.24254444148188,0.5741305768857063,36.76138032628694,28.576800519402866,0.7154800872706703,68.01440750986868,0.9903035060224779,0.5162434438080505,39.85056821468153,54.91,54.91,8.634,8.634,8.634,8.634,53.764,53.764
50,36,280,4.005601523777995,6.655017805556515,4,0.4025886105911626,0.1793222320996243,17.947096792504418,1.1279636400312447,27.484946370478607,0.7057081531227574,17.85206866494928,0.9691667985356813,54.8480213865764,0.7863983498538012,32.3434593242578,32.445486587615044,0.6805020207404273,67.33862235315152,0.9874683172280749,0.7506114760224205,39.79219078058563,58.511,58.511,15.89,15.89,15.89,15.89,58.44,58.44
36,36,280,6.729116817268299,5.313759300790074,4,0.3876091633382299,0.2690540085001243,15.037638248629023,0.8451213700449814,41.73068865270292,0.7586691638408428,13.05010841571579,0.6532562183996715,36.79240160162533,0.9212545265745389,31.729637890299387,32.81868462265097,0.5867038562725233,92.07094978581563,0.5229787350177565,0.9306161069678173,36.23581216359629,23.605,23.605,3.681,3.681,3.681,3.681,20.88,20.88
50,36,210,4.221139130838862,5.2887816778247245,2,0.3048481862465057,0.15739223947385578,13.584177690329593,0.9032036120021135,41.83790209474418,0.6113384395804886,14.225885307385793,1.2246900451219647,38.0790158018296,0.6812691480515163,38.56466210521118,38.29833791564765,0.6273543823240817,77.0826272509471,0.976836976085969,0.893268978677934,42.54278316113853,33.874,33.874,8.832,8.832,8.832,8.832,42.341,42.341
50,50,210,6.136218893373444,4.100176470733027,3,0.38962158937985736,0.20992471501897902,11.627039772479343,0.7734568932113173,48.63052360652535,0.6657785134482787,24.28287367318181,1.4972314011357386,38.48234016248654,0.5455177832018274,36.24114746308547,33.77166534683036,0.7723519354449178,95.95759620391394,0.8880529548786704,0.6686945284467336,40.31223472662975,70.333,70.333,12.181,12.181,12.181,12.181,47.141,47.141
36,36,280,5.714058141631882,4.5140575328356665,4,0.5511161520605987,0.22854217596840684,19.69413847655361,1.136853836041713,43.36900453031754,0.5848524064175662,17.14942292893396,1.4615741141709666,43.702429990815205,0.7682674880410658,38.60573455965611,36.10813305985271,0.6645053537255807,77.70360340140212,0.9943464561959412,0.8793637939432729,46.82899171741634,54.391,54.391,10.208,10.208,10.208,10.208,50.83,50.83
50,50,280,4.643086199796036,5.452703240005491,4,0.6362158747460437,0.19366957448686026,14.939559636673021,0.8722687110683628,24.784156660509208,0.45339748028090304,19.53731226760876,1.344144867219032,53.19079098414314,0.8195325672746208,30.264627701263557,27.64452933358937,0.3225629091621166,87.94856616101741,0.7162528060502695,0.986515827939275,40.230851707068766,87.386,87.386,20.133,20.133,20.133,20.133,47.099,47.099
36,50,210,6.167499960569906,6.302622127271501,2,0.5882937449399503,0.2103124396476788,12.798365318019531,1.1104820686216579,31.416305426364428,0.7470849363009193,12.564376293036801,1.5374090859298766,41.918822879174726,0.9147196131574167,38.29905540679991,33.010083555617605,0.37830481363143054,62.40133488051353,0.9141421295407548,0.8291281773450463,38.635200527505724,52.182,52.182,9.021,9.021,9.021,9.021,34.86,34.86
36,50,280,7.667320924373799,5.296258231781151,4,0.3250203294824541,0.20828340243256754,12.637836032266227,1.0195753693231255,25.504480780374152,0.3800889272927448,12.733494639278849,0.9048908265099932,38.40315956338514,0.435458692820706,30.75955012933058,35.9268832700631,0.31221294430543606,83.54891956376521,0.614710551190196,0.9402156513261093,37.139215184390274,26.801,26.801,3.642,3.642,3.642,3.642,25.177,25.177
36,50,210,6.4730676028413185,5.058585385294705,1,0.42329776553992876,0.25436475358486266,14.922386349356508,1.1323749700161874,34.735449610602636,0.49161686116780645,12.240926911320791,1.1755209116556937,40.88476303417517,0.44957213720066547,33.01496456225877,37.58594983226062,0.5005311918072637,76.14573801980934,0.5323257313571934,0.5896414431783809,38.899260878003865,34.242,34.242,5.574,5.574,5.574,5.574,19.891,19.891
36,50,280,6.074130370936415,7.243610249055674,2,0.39709775384346835,0.27995215870671564,12.877459108337078,0.6590039388446826,25.450377126315658,0.35014833576657406,14.28778386017107,0.871903477726237,52.93238991133512,0.8949290161582195,25.932148011876286,27.92366814488491,0.6601735923371791,63.46183252119737,0.9548011805622323,0.9663790714533625,37.025459406089205,57.27,57.27,9.849,9.849,9.849,9.849,50.472,50.472
36,50,210,4.8583712473495435,5.016234998536561,3,0.6652773837687809,0.3268336846078597,19.255949306403615,1.1869405277240586,21.52602621188032,0.5822094034946906,20.00851112170878,1.1683153701212334,40.98965077096183,0.9433522735594139,38.08664909606883,34.55268205279878,0.5146526916018446,91.40751586695048,0.9583817835482893,0.9566857986510593,41.95051659944211,59.517,59.517,13.293,13.293,13.293,13.293,53.532,53.532
36,36,280,5.4247706713054455,6.998986253141253,3,0.4686634220090874,0.15253151998471534,13.796719467922014,0.909833286007419,43.343608633608284,0.5417271412158265,15.53351240580382,0.9042110399632749,40.32361063031321,0.608673325322131,33.92668314249427,26.184723720938496,0.34768195306916677,78.78018137270803,0.7405375344660008,0.9368095061461812,46.09944667338662,30.76,30.76,6.048,6.048,6.048,6.048,32.79,32.79
36,36,210,6.114197295569721,5.844775692158127,4,0.5552454464655316,0.2553948060723815,15.462732827511406,1.0520912307116759,21.413836328834083,0.5442348462006943,22.301011785316376,1.2076969498736838,45.679261413301106,0.7363195010214953,31.85031618725253,35.446837303828666,0.44067998717258083,81.60682064384135,0.5567384967832197,0.8973973590986009,44.295354717803015,60.868,60.868,10.502,10.502,10.502,10.502,25.577,25.577
36,36,280,5.645678517056679,5.831210347293913,2,0.355943069091673,0.2851360919235175,17.0869962772699,0.9968081503022731,44.40308426913981,0.5130373593920198,20.418654738225182,1.2318068370254909,40.10765246432197,0.8588597835858984,36.120292125831924,28.899197444491026,0.5861865784123623,79.15319569578372,0.6922163634198892,0.6264948327261584,42.01322296119925,50.598,50.598,9.575,9.575,9.575,9.575,29.781,29.781
36,50,210,6.448988528036747,6.913280486246597,1,0.6340734920133979,0.16185334835322587,13.118959093254407,0.8313344349080174,32.83538749324439,0.6534288373843917,21.2648900750186,1.3453817550872407,39.45266997648992,0.44010465616261,39.274896900445185,27.578915345948936,0.4749814464743741,96.86979591967392,0.9152734695183737,0.852441770604035,48.310829719056684,57.462,57.462,9.488,9.488,9.488,9.488,50.884,50.884
36,36,280,4.662594325415078,5.4488610843424965,4,0.384624122845301,0.2043322008643826,15.945791877756191,1.0596126880125645,38.74608100472632,0.6209901586703989,22.6376311284669,1.1564359001147642,42.599097242056786,0.5986000631968209,36.37101554545695,38.45622619073896,0.36104750548393105,74.001498207264,0.8004150402018569,0.7430491468388118,45.19707500687518,52.403,52.403,12.19,12.19,12.19,12.19,36.37,36.37
50,50,280,6.549028826791581,6.076650275360017,1,0.5620604764842684,0.3077052008486797,13.80005030260574,0.7998165928491121,29.11773584712768,0.319782595634929,14.77993812144503,0.8129923572175562,47.37684609765329,0.8892963178354377,32.98895919116344,27.75101213474703,0.3968745397613918,95.24777727084575,0.6735400218431407,0.5901311597642422,43.069015109838325,47.534,47.534,7.643,7.643,7.643,7.643,42.773,42.773
50,36,210,7.7339905109980975,4.159036078131219,1,0.6195915788812353,0.24153773297921466,15.489767908280818,1.0832520799270204,35.091713185066375,0.782223443874847,24.565223483173256,1.2500632863368375,52.05147515688952,0.6686779527591189,34.972276510962836,34.63088903998345,0.7469592674819672,98.8105705057517,0.974490600100115,0.5136948200778427,41.06504484149159,77.766,77.766,10.531,10.531,10.531,10.531,79.376,79.376
36,36,210,6.3859966360187075,7.915468129386785,3,0.3118475378603113,0.1533164177157377,11.416628073761373,0.7323905731848472,22.309609742409705,0.4576103933265916,19.194521888720004,1.415734914023147,39.82664769353454,0.5951950730393873,37.52935003232034,29.580118065216904,0.7154032713212384,74.21629911622637,0.7540772054232011,0.9948653253717133,40.10729831035676,49.232,49.232,8.191,8.191,8.191,8.191,30.151,30.151
36,36,210,6.053132741861274,6.01715662803683,2,0.6571642929741413,0.2630449265436722,14.434101641428935,1.1136580137500647,44.28909558368409,0.5819347570668989,22.49447407825864,1.3992717272833461,43.17710044774567,0.8453853285615375,25.937405877435324,31.3216379211633,0.6745967864897564,93.97965004539085,0.6868985893202226,0.6659079926855597,47.56331192517386,65.497,65.497,11.305,11.305,11.305,11.305,37.71,37.71
50,36,280,5.293831133388327,7.939510908118629,2,0.6974234740997263,0.18088911799668606,10.42973578504024,0.8219543311748967,31.72127939831654,0.4409561318720192,17.054557348474038,0.8537118834691688,46.837223241034096,0.7009685083518054,30.3426348785026,29.96286927733482,0.49862583074738015,65.95514489038557,0.8712955510178868,0.5650212072499909,48.03566700057016,40.509,40.509,8.117,8.117,8.117,8.117,41.419,41.419
50,50,280,5.98654652080438,6.031672143274623,2,0.6475657522800424,0.2524555555185504,18.77416210681632,1.0216889038206325,33.656790081520256,0.34991844881782896,12.051411395632858,0.9719886367423105,38.21279810229392,0.5755202929323919,32.893799887767884,26.76259186259991,0.61723980711479,95.59226010354533,0.6135616782931179,0.719763290410839,38.84362964949483,29.011,29.011,5.128,5.128,5.128,5.128,28.83,28.83
36,50,280,5.9315711983881005,4.473457373420205,4,0.6509151345631665,0.2581673657632492,16.38452940544539,0.9621144604400202,23.01071629911317,0.7204775260281617,19.31788246635862,1.2080356718843328,45.88329170322279,0.7797363602128219,29.038245508923158,31.54452191248705,0.6429115912188235,92.38162115029348,0.8910292554892381,0.8134222679832079,42.8995999027891,65.438,65.438,11.6,11.6,11.6,11.6,56.62,56.62
36,36,280,4.059266720964713,5.37899246589369,3,0.6974295478881439,0.3150960173326619,18.247569794611245,1.0796730802017016,30.954208197339028,0.565785769680767,19.762679390345298,1.124873890822426,51.11519548091624,0.8646803810170818,26.036571958866013,39.16090087340246,0.7412611536155156,90.53971766939456,0.8258126419197775,0.6898480504181144,38.706845331858176,64.23,64.23,16.908,16.908,16.908,16.908,57.447,57.447
50,36,280,4.049613586682282,6.171888665898482,4,0.6907208551506607,0.2898278508285838,13.220005447089699,0.7364843646545345,37.81449496998182,0.38729527164113275,13.587059736098224,1.1953599849534047,43.86052203759503,0.7062580719627733,32.9674264484031,31.399156298708405,0.7651324959116723,97.49120969879786,0.8335577933395899,0.9489096401428851,47.32808156821827,39.331,39.331,10.573,10.573,10.573,10.573,51.631,51.631
36,36,280,7.8601911295206115,5.2453899588532735,3,0.635293715734918,0.3405368900341158,14.339587620340838,0.9730415950720821,49.31487754133713,0.6712624545331196,14.013181735663453,0.9029842767414585,54.08086715780114,0.8552951889355244,34.94455975071953,28.211328957056715,0.5295310039456291,88.95712443359002,0.6169806395105257,0.6627640435246935,45.946552921693794,49.617,49.617,6.606,6.606,6.606,6.606,40.497,40.497
36,50,280,6.08448946138118,7.411243232476687,4,0.40594617281164913,0.15705137568134409,11.189074465468785,1.153413551002763,23.61430364578409,0.5639362393696272,12.48998253251986,1.1331161272414416,53.61818268722121,0.7703697929400839,29.245673747452322,31.5483532451344,0.7758459320315774,80.0408228194976,0.6794126567901378,0.7351777869442381,44.60661081776724,58.007,58.007,10.015,10.015,10.015,10.015,40.972,40.972
50,50,280,4.021717961780043,4.238852158407825,2,0.39986831396054207,0.2895957942081868,15.089024911699086,1.021304683821746,24.769384013845183,0.39617323629497414,19.29001616891858,1.5757662817436653,43.434706048730504,0.8226331039114425,26.42574609043802,31.50475096810276,0.30784091542668524,84.63824434333085,0.7667240055575166,0.7783397832159411,39.779757821266685,74.492,74.492,19.825,19.825,19.825,19.825,39.184,39.184
50,36,210,4.1048136913177355,6.245911655670517,3,0.550516048232361,0.21724329085856228,14.821183700125182,0.9229599677018102,39.06733252766413,0.6037408801130326,17.391603717667135,1.5140689343991007,44.18494266508367,0.7188044663405211,39.78133651848658,26.700796940658762,0.6323927577360151,96.7755199919315,0.5231801408828927,0.7382315697813973,37.316880633903914,56.358,56.358,15.203,15.203,15.203,15.203,26.22,26.22
50,36,280,7.718533739221044,4.34708350821066,2,0.41638770652488577,0.3469804851342244,17.55395130399203,1.1819463889914998,24.14817037999694,0.604851249230614,13.824490040820042,0.7849304246278499,53.88865888156142,0.6654803501692436,29.52290461968131,37.751393924701354,0.6495237382374539,72.14615680923721,0.6961881208807161,0.5967748717968038,47.654610527879235,40.715,40.715,5.485,5.485,5.485,5.485,39.225,39.225
50,50,280,4.593799192100908,5.235739101288415,3,0.46168055479889486,0.23215015056201616,13.745751218818612,1.1718855218522297,36.031730089026695,0.4218020727638149,18.591632324576135,1.4411962895828285,48.877825584573266,0.5537867449716464,31.922017308357205,27.686122676330655,0.48451184267757724,82.87739320408676,0.5383065575775107,0.9600698780927652,41.239494600040864,72.536,72.536,16.969,16.969,16.969,16.969,26.277,26.277
36,50,210,7.365802731285031,4.732328295425932,4,0.5117934294598093,0.20127009073093094,10.998807209965243,1.1008709269263317,48.78730325432201,0.4889381912449783,18.701393115411747,1.2491901500108655,30.802777266912454,0.9385546126274651,36.5151935938637,37.88238619442844,0.5282563083080152,75.30212555070459,0.9834025947377203,0.5364585825921975,46.3321105398577,40.741,40.741,5.82,5.82,5.82,5.82,32.941,32.941
36,50,280,7.087204135236133,7.960068851529353,1,0.3678259355291657,0.3255443979195306,16.659573654528735,1.17858033399451,28.822329175887553,0.5768225822572637,19.343175348291197,1.2533094926777963,34.785512809230156,0.6379662830288527,34.98821505711979,35.556738973320535,0.5663888955672388,74.71253672564384,0.9315314175177418,0.7112947779063334,48.39569797300294,45.411,45.411,6.74,6.74,6.74,6.74,34.974,34.974
50,50,280,7.721551454578888,4.794497862072923,4,0.45375413866228653,0.19219718603752986,14.00941701700227,0.8859277048963572,33.718549306327084,0.6119385852595065,19.633322667865492,1.1140536720106828,41.06329237145532,0.7621055820533995,29.232872405574106,38.39066462990596,0.6933832946137002,96.10763311632982,0.8322920824133666,0.6960312372232291,37.32080831017787,53.855,53.855,7.249,7.249,7.249,7.249,47.888,47.888
36,50,210,5.1130221024351155,7.058688921692206,4,0.651006063832901,0.30082442116737723,13.138325588684182,0.6640803757309233,39.868777720887216,0.6096510258031675,12.295572509047595,1.397089266490957,57.348657170095485,0.8244945552792953,36.341886980418806,31.237023601391922,0.35682750582419526,87.38693732449718,0.625635185768076,0.9066294406819855,48.93031612938437,73.031,73.031,15.376,15.376,15.376,15.376,42.107,42.107
36,36,210,5.455934773745593,5.994659529598099,4,0.49381465254599555,0.3332750969816848,18.870572400548134,1.0525151014560197,45.97622281517866,0.7480246697239856,16.831284632601808,0.8952336519366013,44.48613506268802,0.8644939212442418,31.788348378066118,34.241526862702806,0.35803791319826994,84.5406732663782,0.6206362082305571,0.735853809939746,41.94754604907737,41.471,41.471,8.071,8.071,8.071,8.071,31.047,31.047
36,36,280,7.530640182163779,6.880921367705322,4,0.5294652591446767,0.3425546294217553,16.3749779305966,0.9057069958807965,48.94790546566919,0.5033277357072566,17.759807781340022,1.419749488212777,45.35731686125057,0.5780342260982425,34.06719743025545,26.27664054656674,0.594051153031991,78.23138409695936,0.6036195204608606,0.7928505730324967,38.15691550048515,54.033,54.033,7.515,7.515,7.515,7.515,27.36,27.36
50,50,280,5.314064022828993,6.3705771859733,3,0.44753224742199815,0.1701281143365717,17.93010442333867,1.0541493773973356,41.95474113498942,0.7307198392972784,22.766011854395632,1.2601681690053337,44.50089722255079,0.4499265962687723,34.15861068793683,29.579666208326753,0.6385930690810304,70.16745964441358,0.720167843483799,0.9799649368907862,45.63223770454262,66.731,66.731,13.42,13.42,13.42,13.42,30.878,30.878
50,36,210,7.722108352495768,6.465484769225675,2,0.48193452196893316,0.22000869815397658,18.069558397894454,1.0656483312579033,27.33427136187135,0.5764239750233329,21.926501454146617,1.564496521397829,51.05169632460125,0.7279360991232844,34.88913886106023,26.99150222597946,0.5967923673862547,87.37315674901876,0.7187531775572,0.7088257555780972,44.160090748793586,83.492,83.492,11.324,11.324,11.324,11.324,44.954,44.954
50,36,210,4.466125801236555,7.1276201862180475,2,0.6866669727052976,0.3497822004962351,11.052629226998889,0.7953959830146545,36.231413342519005,0.5755929052575122,20.77697939166029,1.1096667968077558,40.888951386986,0.9358323866906445,29.805345047149434,27.629047137568154,0.3795771471307859,89.58700213057395,0.504434482532323,0.7082818447628962,42.66066262448674,50.002,50.002,11.997,11.997,11.997,11.997,21.376,21.376
36,50,210,6.08360512704717,4.491708973680611,2,0.34007464255002917,0.2498867146048715,17.84590503689873,1.1989064929088493,26.16999087911337,0.5297748114922978,18.94485657157947,1.1541092423174533,59.99697059638902,0.6179826242802448,27.46907541258203,27.160456929923257,0.7787707061080305,94.52566342810536,0.5725825463580446,0.8506883653463404,40.070407992806764,83.519,83.519,14.378,14.378,14.378,14.378,42.44,42.44
36,50,280,4.646927709431074,5.13081067508662,2,0.4188622812044417,0.1848858181456358,14.315946241506275,1.1322583461951705,47.578816992068084,0.6738398869127293,24.88552938403233,1.516050652900491,58.35544383685223,0.9100131531801484,25.715902078885822,30.854815874921478,0.6829646990130629,70.1266791399606,0.6071537071184493,0.9089710154706601,48.823193316661886,131.756,131.756,30.014,30.014,30.014,30.014,32.814,32.814
36,36,210,6.679826345960912,6.176579727905532,4,0.638721804438297,0.21795528929563882,13.63061181621776,0.8217562636228772,26.20054161451277,0.4216406963199367,17.788087561810812,1.145127897929457,32.74979215149253,0.9701069358899514,30.665802281296298,38.354850585129604,0.46464505683379803,76.96272661006144,0.5805561343813809,0.6112531227964273,44.60755469602237,34.288,34.288,5.38,5.38,5.38,5.38,17.676,17.676
50,50,210,6.60006903623926,5.285396975014855,4,0.6822233989535553,0.2914201915125343,18.561389941059492,0.9990230675854278,27.310415097224343,0.5003661510408945,20.340964439441343,1.0990818950678514,37.461075455179824,0.7203490444156061,27.131828831801716,33.52021539853525,0.6229550165853208,64.52780005027968,0.5553245127217539,0.7081469953469022,38.14537465511629,48.09,48.09,7.599,7.599,7.599,7.599,16.214,16.214
50,36,210,4.815425405499286,4.155518318607903,3,0.6691599116622938,0.3301276232900149,13.471234149557365,0.9166127947786359,29.05306213034281,0.41616952863033685,23.973237444342587,1.5956852423154264,32.90204425624613,0.9968521114668385,29.42564811345372,39.8939219439805,0.7689342841241984,83.04638326909722,0.6425822585883072,0.5074195233576424,49.248976978625734,55.946,55.946,12.374,12.374,12.374,12.374,21.734,21.734
36,36,210,4.491882945630913,7.41112705067146,3,0.43556245397126137,0.1724342648053624,14.959957879537281,1.0277582994757728,42.181949469872606,0.4398626947879375,14.520995693580723,0.9773437061303422,45.20940373224229,0.9052446822498591,33.53614329200469,37.19452555452642,0.5376712930344408,93.60218721787012,0.6210505984564263,0.9857667180378523,45.43706475698957,41.485,41.485,9.981,9.981,9.981,9.981,34.461,34.461
50,36,280,5.472477373535121,4.862383640991773,4,0.6744041135465774,0.21473341388461598,19.83323449708242,1.022314664468654,22.26817773043805,0.4884859001413465,15.399777500587177,1.3352461192925227,36.77786959785321,0.7728614362592765,29.222057746826284,35.01390275748034,0.35438250153644424,67.23596110661161,0.7788086311574904,0.9598544069849393,47.43490544977315,37.633,37.633,7.265,7.265,7.265,7.265,26.069,26.069
50,36,280,7.654381644856457,5.841910379460117,4,0.3620811640639555,0.18076406589388272,11.147655414517631,0.8147634779916255,33.098569278431924,0.3754326138306293,23.310501865555942,1.545324805442629,36.9343772048741,0.6838418470956362,28.877064911447174,37.79888642015848,0.7852238586046846,86.47320188167853,0.9780938220897819,0.5304486245460587,46.489433042129676,58.039,58.039,7.88,7.88,7.88,7.88,45.971,45.971
36,36,280,5.003949100274685,6.662240151803768,2,0.353195387171556,0.27965349213571933,13.807827304326064,0.8246959478801981,30.513234069691634,0.4012771260336606,20.150983856793932,1.1591026423207338,47.41434101376777,0.959871291331535,36.46854729892166,39.89142146109767,0.6801507949887251,61.54170358246652,0.6984529358868146,0.7140141815268679,43.71743953650811,61.898,61.898,13.342,13.342,13.342,13.342,28.468,28.468
50,36,210,4.609809683466489,4.993581691106721,3,0.3725033297973776,0.2335814716799214,13.693221719161043,0.7548155350665546,45.018901953050275,0.6373987337532714,16.786912776811256,1.236839864100571,56.22788306344273,0.9909333466617205,31.341141029574466,37.423538228597565,0.7888572332094291,81.05123638534859,0.9719386491351831,0.5679222307116916,38.1014375606943,73.312,73.312,17.064,17.064,17.064,17.064,70.656,70.656
36,50,210,5.381622497788353,7.445143255846441,3,0.5724245160173808,0.27924904025268615,15.255068141804996,1.0252689331810796,21.572004812412484,0.5271650302456872,14.411636910785333,1.2369595779144256,35.02085541833657,0.5789062957790498,27.415999207380345,38.90892332664144,0.3780248769833392,75.40236310597601,0.6892510753776089,0.7418960619615809,41.61646365830894,35.044,35.044,6.861,6.861,6.861,6.861,23.779,23.779
50,36,210,7.204332855406879,6.7742679756064454,1,0.3655913003432892,0.19156134463537827,18.554842841157605,1.100933535543027,47.99817839129777,0.5482550948153881,22.57221486147312,1.597381832486318,46.279254330669445,0.7434043954690697,35.171256174389704,37.68394087995942,0.5942886830768865,61.08734187070094,0.9635068198467291,0.8509437937187854,39.673983183220656,77.198,77.198,11.265,11.265,11.265,11.265,40.887,40.887
36,50,280,5.3424781859679715,6.282576019257152,2,0.6488707362575201,0.30817710670665377,19.459264682350778,1.188031546945774,31.683172495307502,0.43338337912610236,13.022813539013189,1.188127379575374,37.591260928571444,0.5566567500151849,30.347200188258654,27.578146474196018,0.3062964435862548,92.39325474351166,0.6030008896468257,0.7363421374793004,39.08803620883,34.129,34.129,6.773,6.773,6.773,6.773,26.244,26.244
50,36,280,7.133348107706833,5.303366012177129,2,0.6107465798492411,0.2517594525291007,12.47216901008862,1.184491611190229,29.235073918265662,0.5522563998074588,20.468189102590806,1.573207527687257,39.34951848279912,0.5833335343697913,34.02140771787747,31.14751154442639,0.39962367635354296,93.75743054843312,0.5020043132677134,0.6921782096206812,47.629155826984274,55.551,55.551,8.177,8.177,8.177,8.177,20.642,20.642
36,50,210,6.689288404749638,5.52239915095895,3,0.5204554859464174,0.2924277578337574,17.509663508831572,1.1515941915761585,45.68701801687456,0.5097373926958403,20.419820316457752,1.4369125853935723,33.80404753970644,0.5539506545518668,27.788930569546473,36.24179688225943,0.771966119118612,66.23025675693496,0.7585038882405508,0.8372005950965737,36.52347132679406,50.193,50.193,7.829,7.829,7.829,7.829,22.339,22.339
50,36,210,5.10308728018475,6.002396022778347,1,0.46680689849786794,0.19201837633657604,15.24602581403742,0.9389376596103072,29.403156120833536,0.7742372207085328,19.52484842914145,1.4698672106385369,32.02073216827441,0.8826456058184035,34.60625627088726,26.670967845460765,0.5683459935081747,66.27554932297703,0.829997381609094,0.6108621087058802,39.6363873368243,41.968,41.968,8.822,8.822,8.822,8.822,23.905,23.905
50,36,210,6.020475823866849,5.277766092167642,2,0.5852107692361723,0.2969127294837763,13.82073274325137,0.7121915112572561,38.61719843126782,0.48045822048476905,14.647474257223159,1.4381797158152692,33.74095424927056,0.7836296669997955,29.67116609069711,32.228472430543945,0.5883168518855482,86.0499254904858,0.9245871145590343,0.8079880889598251,48.98768394029683,34.221,34.221,5.979,5.979,5.979,5.979,37.645,37.645
50,36,210,4.282570531210186,5.143513072932281,4,0.34761327850916857,0.16881444400380868,19.085210533693164,1.1244144747187157,28.109912719691657,0.4770088939085326,16.15109384036291,1.4970445181198786,49.168701163531196,0.5543166955892016,26.746138948879068,31.02588816504641,0.5052348135167,90.44935832810377,0.5713352595651293,0.8702155127910027,39.4846743706009,57.151,57.151,14.234,14.234,14.234,14.234,31.748,31.748
36,50,210,5.884708480128495,7.348299873850007,1,0.6796006375863465,0.33278396345175293,13.01306273514551,1.1761137264453723,30.809005600425756,0.3111184793767097,14.715181504759215,1.0551842525406578,54.45363350555114,0.6770275741105598,32.421044885983804,29.717900346789946,0.4757786298426532,88.09470112439139,0.6849342496999646,0.7091831244176797,39.51790374756711,59.964,59.964,10.784,10.784,10.784,10.784,46.617,46.617
36,50,280,7.991226440415213,5.127314195978004,4,0.5222015691160122,0.32900458535789595,12.455939670472638,1.1268287421641359,21.11647922935096,0.5676198350748797,16.987354920225226,0.9346275598438355,41.44151996842633,0.842447957173758,32.68831882108468,29.63582116031218,0.7902008578427192,62.67140833552168,0.7059871012187271,0.979807745248905,40.761759121502486,45.125,45.125,5.888,5.888,5.888,5.888,25.11,25.11
50,50,280,5.857711637430549,7.168283993615144,3,0.6320843127457985,0.1612998153527107,11.474329739423775,0.6621231804057125,26.473439510130042,0.7377918017862333,21.144173112327344,1.4318074923895923,47.226015549552436,0.5011212340110561,29.173002245384247,34.558618052423206,0.6447435897044127,96.93647920760446,0.7204090991374428,0.9540462694643119,49.860499708849474,75.737,75.737,13.607,13.607,13.607,13.607,45.439,45.439
50,36,280,5.021458599323751,5.755293231545559,3,0.5220684692829891,0.17901454607504252,15.909516563185417,0.8382045111688851,27.272584791243258,0.6485484399111088,14.197655155599444,1.4389925201980858,47.41045164031401,0.8683173746083276,37.705316864073524,35.48438984425708,0.6380382846285474,85.36188890339474,0.7123148207971584,0.6559850022422684,48.831715651698325,54.057,54.057,11.639,11.639,11.639,11.639,40.144,40.144
50,50,280,7.853984337871568,7.486491405913869,2,0.5178315588794113,0.27432139087678387,18.08396623521616,1.0829628569258256,29.923062746911434,0.6604450594590814,17.758632393923836,1.4259227169720852,38.05282637692816,0.954637765256254,38.91038161293886,27.449890597303714,0.43690459002187365,74.5685221245882,0.9061184354052112,0.8139073421312635,39.250686535768615,56.733,56.733,7.6,7.6,7.6,7.6,36.911,36.911
36,36,280,4.356860595887744,4.751238823677728,4,0.5960022119716721,0.25621716485950646,13.70653650601026,1.176650206202123,25.493287653117534,0.6483542135680257,15.775563670178148,1.570805190558133,54.83340142862266,0.7015056911327109,32.816918727321486,37.429828823530435,0.7717954017321174,76.70466909182775,0.8951007011021689,0.8247273006215485,40.19176454056819,70.584,70.584,17.52,17.52,17.52,17.52,57.123,57.123
